,ZH8811Abulk,ZH8811Bbulk,ZH881T1,ZH881inf
BMP1,-0.04544758793672697,-0.003126146331117007,-0.008640640921236205,0.012161782915387621
NDP,0.014690586367896444,-0.0037377307425128592,0.05293095545794098,0.05568670522705999
TNFSF18,,,,-0.001098236993304888
RTN4,-0.06013904149726057,-0.0034667536934268727,-0.007245467546488392,0.04624924713243989
HEBP1,0.04566120880407283,-0.027888051999973996,0.033958207002028874,0.0401730480828357
WNT7B,-0.036736140582563054,-0.03178788401209902,-0.020366673885378588,-0.0005031464854127558
PTMA,0.013997243495931627,0.020035649979647206,0.018365067828166104,0.04062802509398775
CEACAM1,-0.020585071463445074,-0.015399749879281405,-0.01351765766452986,
PDAP1,-0.01059641075224581,0.0546400135229452,-0.0161900903035886,0.062038824516711555
QDPR,0.03512977525413673,-0.0425319904971977,-0.031189802478203323,0.08267481416081576
POMC,-0.049426165773472294,-0.036076115745043616,-0.02211311218353496,
CCL18,-0.014067390359858394,-0.037605169439507556,0.035729710972750864,
CCL17,-0.014604111857848885,-0.022230505738322217,,
VEGFD,,-0.015399749879281405,,
TNFSF13,0.03777033919738377,0.047934855997048754,-0.015179423569579693,
WNT5A,-0.041889296134577335,0.0035113749352121593,-0.07470961136062627,-0.04225690693813685
CXCL8,-0.0234047900825528,0.0016927157225638805,0.003709601813654229,-0.11648892531164712
GRN,-0.003563259405065219,0.025101868343357474,0.03731654096797109,0.11464317054117963
MIA,0.01945742262885265,0.013742712156063618,0.047606492431484834,
COL4A4,-0.026997880120009914,-0.024657407444876104,-0.027242752328947763,
TAC1,,,-0.006816631377036296,-0.025741011871875174
RARRES2,0.005924024111885648,-0.043187211276166614,-0.023289321531564385,0.06646983847380639
FGF7,-0.0017955489128346676,0.009043932887733676,-0.03924504451535102,0.028593205281508792
EFNA2,,0.06912880911390326,,
HBEGF,-0.013304175289805332,-0.007484915020131887,-0.008412672103758678,-0.08911338528558874
CSF3,-0.008449652669092112,-0.04709784371366906,0.038907419842299014,-0.028893866351100212
PI3,-0.02718718979034536,-0.01517495879936848,0.012837441786035962,
PCSK1N,0.03135867585596279,0.004900967076834312,-0.05804142248653454,0.027597663305960304
NTS,-0.006046187688865111,0.07210276338067269,-0.006703070351848125,
SFRP1,-0.004042883564207422,0.018119435029558144,0.06328867939596051,0.06313500489578106
CXCL13,-0.03280382949519418,-0.02668545217138004,-0.03161184845612294,
MICA,-0.04408662420718137,-0.05833410317243743,-0.033453027385422274,-0.04806543404179525
TG,-0.019405213421857644,-0.02196170573103182,-0.01594955120152648,
ADA,-0.07613433201241569,-0.030479008586305232,-0.027868516724708976,-0.06415774142506102
LAMC3,0.030538717101497314,-0.024037590543507528,-0.0718205474471283,-0.03904955212990088
CCL7,-0.021888197418050516,,,
NGF,-0.008544453310596474,-0.014439693395955152,-0.03327020987398998,
TNFSF15,-0.021338534650010347,,-0.012034280134144542,
HMGB1,0.016308432418175176,0.04483698722057463,0.01073260827482671,0.05538809751377127
ITGB3BP,0.031053378676791744,0.025637120234548325,-0.006632569068539271,-0.014914199268253018
AANAT,-0.019202125217262035,-0.019696672802906698,,
RELN,,,0.09017495608286881,-0.05238518931530106
IL15,0.04494921028181904,0.014724860720715318,-0.029355313048465385,0.13617829581730495
UTS2,-0.01635201497973352,,,
BSG,-0.047057929233837274,0.0168710417539017,-0.04115002003108508,-0.021959980936558085
ADAMTS3,0.04813924166276725,0.005845375009868397,-0.028222093820032206,-0.03513466375758059
CD34,-0.0067673018440489235,0.014305051383741746,-0.04775295244223965,-0.0014317263405025527
PLAT,0.04633702230302148,-0.028383952368663593,0.028057619479093486,-0.014910530090218024
NTF3,0.015013187861239388,-0.021183110806902095,-0.026204610985706034,
CKLF,0.03239800615109735,0.009742860801163536,0.008018323389642023,-0.011110864710652982
CD24,-0.02022203508290455,0.04866910677458177,-0.048420830617516876,0.013627884145147718
HSP90AA1,-0.03473783673652734,0.020815328501701175,0.026861414055044785,-0.02333783590028312
BMP4,0.016905048346237222,-0.011366430595757175,-0.023312419476139823,
SCGB3A1,-0.033314761791294716,-0.028017891447947366,-0.02499140249341454,
IGFBP4,-0.024087510282934984,-0.058693173568478876,-0.01877437215850707,-0.06603595077363361
RSPO4,,,-0.016830646003687517,
LEFTY2,-0.018580600965305272,-0.016829266724818374,-0.022888566634103626,-0.04731721011139752
PF4,,-0.013415302945233356,,
ANGPTL2,0.0005472439367099315,-0.018674086021300666,0.03147719921796666,-0.0029235536950785145
LRIG2,-0.020367278378025867,0.04358909289398411,0.017830900882670427,0.11612582197388853
ICOSLG,-0.0068659553744679505,-0.0020702964360895084,-0.0185342728743541,-0.013448491251910631
WIF1,,,0.03202977860618597,-0.0310970966232502
NPPC,-0.03267513156672757,-0.025382652534365703,-0.031867947709265834,-0.053080165651517706
LYZ,-0.020782081389365235,-0.03507274750590938,-0.04649977800763857,0.1472887024790259
EREG,0.001784796733820066,-0.031955080487981125,-0.0028847108628088577,
SPTAN1,-0.00818060653555643,-0.007565767476208848,-0.018349104626412493,-0.014463309251326913
PTH2,,,-0.026766334139950953,
COL8A1,0.018183413084252205,-0.03914129839849318,-0.001082130997315281,0.12113928702205697
GSTM2,0.021749301412682564,0.0012369563833676354,-0.023606901784711205,0.18685677267523954
SPX,0.1559062846211318,0.0084324848555208,0.0025696198631262506,0.049887153493234186
MFGE8,0.017153978137262153,0.00341701213390775,-0.04418778162259327,-0.029103011966323873
TGFA,0.049911346086326636,0.018802853739449694,0.009083722565220657,0.07956898656133538
SLIT2,0.008169435643399937,0.02043838157785692,-0.021245285103276914,0.06945707504820192
PLTP,-0.06261986500967773,-0.01567684539813118,-0.00884825680048661,0.04639153678462832
APOD,0.002445329798021779,0.008044171869804984,0.0005089819048334017,0.0020433786428010786
B2M,-0.036371561994961284,0.011512993088794214,0.017230658986119633,0.1878474471066982
OMG,0.0413937397388262,0.008058512548530046,-0.015026767371425753,0.06887757825388077
CXCL3,3.851617892443926e-05,-0.04047637876352439,0.027264127955281655,-0.04262034924558445
CXCL10,0.058213878090615595,-0.017993810298774362,-0.006089142724629594,
RSPO3,0.017020432908294,-0.0250733223750548,-0.034926910106432514,-0.05342533984974415
CORT,-0.02495833748906663,-0.014038432684604724,-0.027991621575878072,-0.05907607917924705
NCAN,0.021095751280156443,0.02640325853983403,-0.001481693801926718,0.08094594278804473
PRG4,-0.02397363325267479,0.020710670807617806,0.01302713742796574,
TGM2,0.0653607112944226,-0.06072430771402074,-0.013358011183223717,-0.014907024361814113
VEGFC,0.005130323521317154,-0.012630357986310403,-0.001006357116990049,
WNT6,-0.03267513597518887,-0.02609105460941306,-0.022337013991709707,
NRG4,,,0.04558916487066173,
PMCH,-0.022247845990442765,-0.01969667210442299,-0.012796412833528368,
COL9A1,-0.05626053812560438,-0.012684328037749111,0.013209397491835816,
GDF11,-0.011865510317927723,-0.05548637022740379,0.028149524843951845,0.02262506641843519
IL24,-0.016587457865679837,-0.01320140276036241,,
SORBS1,0.07221950943895968,0.06757683148601622,0.038086434933984954,0.010691721538256966
DLL1,0.06012125055433149,-0.018837910357579504,0.012338177864334738,-0.015125802535036053
TLN1,-0.0077536829972355914,-0.08107167360160254,0.009944365868267342,0.038581952429597444
COL2A1,-0.0226160831672554,-0.020950831534894965,-0.02695770517852749,
SHH,-0.0411400186679539,0.016897269397645256,-0.0024069473920178357,
PON2,-0.025227486908285288,-0.04643509276881748,0.07240809959255946,0.023347434608239483
ICAM5,0.025326585881554214,0.0017951848005781988,-0.03931284309754269,0.0024227200007655133
HPX,-0.03152810764092651,-0.007790081552240438,-0.035421053819483024,
SFRP2,-0.07402127824630822,0.028971668373757694,-0.053194863596867925,0.0444875154566531
CD70,-0.030670828181746303,-0.04743024659148081,-0.007280194926919417,
HP,-0.0803788858095604,0.05368303340608084,0.022547525255703995,
CXCL2,-0.06785177948837487,-0.024591223875364908,-0.03662264271048741,0.03853948291444744
NPPB,-0.024056313454457842,-0.01414611815458102,-0.019125561548563298,
CCK,0.016045283222315892,-0.011704245313688999,0.0192368120233266,-0.01481498253676997
SEMA6A,0.08182529411406075,-0.022657622544267047,0.01797695430689189,0.045975157826588404
IRAK4,0.027668210786071484,-0.01723048033366703,-0.041716149816446,-0.03300640534137454
GSTP1,0.06611959470050886,0.028167783434599605,0.026460529298358904,0.004669628837545565
VCAM1,-0.021222833774906993,-0.017117790528344227,-0.04066277133014241,0.01516627873186225
NXPH3,-0.019980345582325025,0.037839531911105916,-0.03146973317500255,-0.017849511595097643
MTMR4,0.03024673811421597,-0.030048500376152157,-0.06232745743264427,0.10059862170347258
LAMC2,-0.02039276629608206,-0.017337146066889055,-0.012420914611446841,
IL10,-0.03881518740939842,-0.04046258524139869,-0.03093061845991235,
SEMA4D,0.0006970707629679487,-0.024459226123553182,0.05795603267978467,0.09048009818570049
TRH,-0.015901448891077148,-0.0016162454929188625,-0.05259289224273223,-0.03214817195107443
SEMA6D,-0.024213813291688896,0.06789110875590232,0.06918747113419021,-0.015673151623632614
CEL,0.010674672402642135,-0.021553040555284845,0.07735524389666627,
PDCD1LG2,-0.052942349582864236,-0.04847541126808845,0.0052747983495236945,
SPINT1,-0.005478527297482266,-0.05011965663200542,-0.06498279814713002,
CTHRC1,0.005952118735458389,-0.012864827956053437,0.0047500618610727685,
PODXL,0.008388293205932585,-0.018256900014116513,-0.017184996732113635,0.02650612374384204
JAM3,-0.05033070216850927,-0.02913464223991754,-0.02303429444915942,0.025420266617362363
TGFB2,-0.034381495270556034,0.0008761188867088067,-0.07043095351862626,0.1632833786378084
COL18A1,0.018028630106771096,-0.054199133385873996,0.012667650050339188,-0.057780384996201285
NODAL,-0.02479659465615117,-0.016306842166177477,-0.014204247444002874,
INHBB,-0.014189149808723775,0.05472266407573621,0.008365646994172778,0.03424835222634918
LCN1,-0.026375186475322093,0.09196303166495197,,
ARF4,0.012434810205443106,-0.008009860443326241,-0.03093880414722865,0.028466559809422132
CXCL14,-0.04469226325274132,-0.007906149487771923,-0.005990222884929454,0.05191315982338075
LIF,-0.035789668002267204,-0.05845335430494241,-0.04875046631993063,-0.0344840014379473
IL17B,-0.02295199220729276,-0.024657408900843104,-0.017671403707761723,
MMP1,0.016129877731395077,0.09088753063416793,-0.012796411820130773,
MATN1,-0.03318760317814216,0.05343796037529287,-0.01821227863533342,
ADAM28,-0.00754336005688628,0.014932420302660489,0.01476861569285174,0.04175910520344481
TCN2,0.007750817543592799,0.006282164091463665,-0.06288103542725514,0.08154100179742572
THPO,,,-0.015798308163063705,
CUBN,0.05593677360776114,-0.032033112115067326,-0.03220715561320323,0.0610835905405686
TIMP3,-0.028684639669488737,-0.06184551713022865,0.06372027815798857,-0.016971132387257587
PIGF,0.057814495593016255,0.011974874962452456,0.015024518883782846,0.035441252145257146
CRH,-0.02331974375573429,0.024725586574044132,-0.01497708613640599,0.07091248150442434
BDNF,0.013786227479993907,0.0003212578297957302,-0.07661037778523459,-0.03465237369988372
CCL5,-0.042860719771899605,-0.04295496190720471,0.04305764783117733,-0.024867543215976885
GAD1,-0.04931890527103744,-0.0426392345430491,-0.0025730893721241047,0.04972248720549047
COL14A1,0.010538040001820915,-0.015801771093366727,0.03644612515550455,
HLA-A,-0.07102236045701796,-0.0007338539232495911,-0.0031060729633345047,0.09306266260372313
FGF18,-0.027134752534951734,-0.02403906550608363,-0.022113110189695872,
ADM,-0.03110824876373842,0.0037344225839620222,0.025950733514891047,0.03079124847104511
GNAI2,0.043554696622661135,-0.04154632143753104,0.0709867650567522,0.021856663675757716
COL11A1,0.034131286071280666,-0.05574239922263101,-0.04750935153099155,
NUCB2,0.02284336822980125,0.03744259066092985,-0.021622644462408216,0.16559650661869868
CXCL1,-0.004295404865491154,-0.0322920085578496,-0.025523609953172047,0.01158272977454122
VCAN,0.08529255327337497,0.02484489317909729,0.03443727205069616,0.00016285929674685244
MMP7,-0.005203942765907754,-0.012154510823178772,-0.011051305214847438,
PTPN6,-0.020189238750411214,-0.03493593343421246,-0.058817892770801516,0.015011595497370142
PTGS2,0.06190280807607602,-0.016812895499961445,-0.05536643818816844,0.011349537469990505
CD58,-0.004347303895722847,-0.03531853239599234,0.02265477942524745,0.052156317902936115
TNFSF14,-0.021706374817401338,-0.02620757050681684,-0.018477347097953862,0.040037400789068756
CNTN4,0.0182278439631468,0.05912358787335241,-0.001824577374367304,0.021829021641535634
INSL3,-0.024140195983361003,-0.015212286307191647,0.06401701863705747,
MFNG,0.0072609154101140804,-0.05611224411130421,0.04774461009479857,0.08294389178070603
ICAM1,-0.05461574712581927,0.023177003346666652,-0.03991966749335785,-0.1414350702216022
PROS1,0.04238559815150497,-0.014708070302700958,-0.029798143901335283,0.032013770922904944
CLCF1,-0.04335633701470021,-0.06947826117770382,-0.020990122389864384,0.09441211642254584
PSAP,-0.05223111369968951,-0.03171072187770362,0.02046177589634489,0.05106294567176244
EFEMP1,-0.028396045887162633,-0.055900465473431644,-0.017262348133614276,0.08634575118932798
C1QTNF1,-0.07334196751527615,0.053755256323046924,0.023380996718490272,0.11765132330716008
ALB,0.01451729334041448,-0.021374691162610406,-0.03093061765307561,0.00995381120709369
CCL13,-0.01611331478097794,,-0.020726182288467714,
EFNA3,-0.03234536631259706,0.04724130743604602,-0.04774200327966771,-0.0575281371503693
DRAXIN,0.03586296440775541,-0.02745169051537343,-0.005076983324433227,-0.09276186537044329
RAET1L,,-0.01539973978693018,0.048335285193228446,
NPTX2,0.06928814188295056,0.005763743146920937,-0.03257719940705439,-0.09620802590720635
FGF11,-0.04951460458482251,0.03341040635383059,-0.028350765135110735,-0.008305927127696875
CD59,-0.04133740812384265,-0.054648697127727686,0.07130536994197736,-0.04182455925235893
COL9A2,0.01795459748406914,-0.008429207121416484,0.06242325438114306,0.09512035379392463
DLL3,0.04727766034847684,-0.03584869123863454,0.019542450094742626,0.07586997671805865
LIN7C,0.07809434956968953,-0.08918550629938973,-0.02348336230108101,-0.011370535762485343
GDF7,,-0.013201406942834105,-0.015021003226184241,
PSPN,0.0064088914220635056,-0.04622810658678546,0.01250999137973921,-0.05308024721936289
ANGPT1,0.05846592560520475,0.01047658120247508,-0.018664816086989316,0.027453971109879252
PNOC,,-0.01403843421194342,-0.01780801283064387,-0.03465239243612893
L1CAM,-0.07817496032295033,0.006072260157698023,-0.021203662682336682,-0.052362338441127025
APOA1,0.04863561291643935,-0.008997546011139132,-0.04170163659638305,
PSEN1,0.001591035668270099,0.06288388213426213,0.05690664799947093,0.0012636842323946057
CALM2,0.022713519175519885,0.11955963577548467,-0.030664480621316197,0.1392290395317365
CLEC2B,-0.014375250694464591,0.02817901156871302,-0.014703584691305071,-0.026265818923584743
NTNG1,0.0054412967975651155,-0.06576230723939076,0.06257688962099955,0.062139826974368886
LRIG1,-0.0052545804713004605,-0.008405289158878358,0.0215544657981022,-0.0011268159742400677
CPAMD8,,-0.01483071454780684,,-0.03836416027101903
GHRL,,,-0.0162481313362673,
NPY,-0.09023556222925412,-0.041119106698961023,-0.026052889195325807,0.029832707928602622
MMP2,-0.029087572232904924,-0.017434917326342513,-0.021537798290977274,0.01514200361503906
PPY,0.00884595128061805,-0.04402178010591691,-0.03294333250461535,
ALKAL2,-0.020852819417147755,-0.02083540451024784,0.02769509686502243,
CSF1,-0.010742435272780375,-0.02735344831139658,0.04362297293662795,-0.0378447512918056
SEMA4C,-0.0140804610897173,-0.06388048071186933,-0.0451080067023813,-0.014111286088682236
ICAM2,0.0012148708260234806,-0.013495265671853916,-0.038276161079414096,-0.009740512513413352
SYTL3,-0.02499160706986283,-0.013216305561048034,-0.03838238797739185,-0.04806540391727862
IL1A,0.04517581020662953,-0.03478267811289986,-0.023959269704389816,-0.054451255284455574
HLA-G,-0.035542924348323415,-0.03733841241350963,0.030376690945738413,
PGF,0.022003311901022067,-0.0024968944264760896,0.023833831455891387,0.19819714176556863
LGALS8,0.0034858887657256165,0.03509565736016012,-0.06283906855613308,-0.0007354305120454807
DKK3,-0.029500592044333716,-0.015774762303320713,0.02505205837449714,0.08662407092435112
COL16A1,-0.008645617534756152,0.007030142630232792,0.019797209661371145,-0.002287014124708142
TPH1,0.034602044979065265,-0.04020820955317579,-0.042542144299813844,
TNC,-0.022637525387931373,-0.01903086536493936,-8.00167540164168e-05,-0.011180682357140728
TNFSF9,-0.03960236193463127,-0.02105923999756977,-0.023214152899892093,0.10658491901967536
C4A,0.005789112384993232,,0.08538269753606748,0.11131423746887013
CNTN2,0.06705035471930598,0.018470616738346077,-0.03811515518612869,-0.012884176982030532
F7,0.035087211809598486,,0.08357573900241855,
LUM,-0.023649067233782,-0.02321453914530463,-0.027678852139253893,0.1783231550884961
BTC,0.09250175262635639,-0.02249651869151081,-0.01453611614658756,
APOC1,0.0028287750469449618,-0.0019378185693291227,-0.03756813511980078,0.11471137164386651
PKM,0.027311407149390766,-0.0016177217484700964,-0.0016136615284429523,0.08884752344143831
TNF,0.09479584004682008,-0.015399743987212673,,
GNAS,0.007601272604967106,0.02213410139411369,-0.008679263947286922,0.004101162226690325
BMP8B,-0.03447515789357591,-0.04809644911001105,0.08230491222381908,-0.015193954109043763
LIPH,-0.016113320707063145,-0.017169389686186524,-0.023854019808652465,
PTPN11,-0.027894639506481095,0.043336238043856556,0.04023802625106231,0.17226986030375746
ADAM12,0.02746261987902052,0.01917467635342091,-0.007334615955253146,0.06513328347993938
EPO,-0.01749947780159581,-0.017831720073367387,-0.014371076930025106,
EDN3,0.004112011590582733,-0.01865009630796676,-0.024072426313809847,
CCL22,-0.0198056397916442,-0.016306834975642365,-0.012609994394499852,-0.041381384002945935
CCL2,-0.012734957927568529,-0.044221745712492676,-0.04289874287770606,-0.1188991303570919
DSCAM,-0.02079775796057747,0.09403746195759627,-0.018858145689173142,0.095882298887014
ANG,-0.06709844368619464,0.027747265336471424,-0.018748784351740207,-0.03844203967999402
FBLN2,-0.040417696862336414,-0.03969498018400572,-0.011463228073244538,-0.05238515972970155
VTN,-0.02000310067496582,-0.012538906079790186,-0.01860860496034586,
VEGFA,-0.04599310515341727,0.015157588204473976,-0.004483904064080442,-0.06912372051877462
F10,,0.016355927945131316,-0.024889778704984773,-0.03266237867394396
SERPINA1,-0.03310350275903269,-0.0053173586273796486,-0.03200331778647929,0.03744323950510033
VWF,0.020891965798417962,-0.03062157859648588,-0.04162490760244507,-0.04365290780014894
GDNF,-0.032475820511009126,0.07413567898089272,-0.020123869275345877,
VASP,-0.009071130567124289,-0.05263392029424818,0.02298058316870742,0.023863009461333226
ADAM15,0.01958362359624062,-0.06472612664189888,-0.032204821268101175,0.0844908291572398
WNT2,-0.021706364980322964,-0.0183140697279534,-0.017255690671473416,
CALCB,0.0040797958969613895,0.055849892361681475,0.044935301466271914,
OLFM2,0.04095179269516914,0.04935874744939395,-0.03876315953567504,-0.04154962631381087
MFAP2,0.014043986814707319,0.004617529081176941,-0.019255753178515245,
HLA-C,-0.11571797474573094,0.03295612433545531,0.0027702391882823045,0.09324003374548073
THBS1,0.006250246514317524,-0.012105037981717453,-0.0474142605361202,-0.08303488142535839
HSPA4,0.0853558383518397,0.047079493279355,-0.09284557750578934,0.015345294261109609
LMAN1,0.015820306344407738,0.02325472632856059,-0.03637308915395125,0.12199373911707267
LYPD3,-0.03649982261795795,-0.020485305362314604,0.04450213111457015,
APOE,-0.016666403629005185,-0.034655853705027856,0.0008781034063115098,0.06062504005989762
SOSTDC1,-0.024137137890659962,0.059390143860950234,0.05278040864094485,
ANXA1,-0.04952437164162485,-0.09280304801514522,0.017691456114251866,0.07223604918846249
WNT2B,-0.0059534362938102525,-0.04130346918410635,0.0028471787645541233,-0.032148169093763626
AMH,-0.011207287860823372,-0.03638683415368678,0.05558961128594993,
GDF10,0.03637296843181848,-0.02746255591133584,-0.005136645652861579,-0.011483623876698157
EFNB3,-0.0056702344779974954,0.04802006978474177,-0.05528616295191085,0.1046140060944838
LTB,0.04888119713223822,-0.04685616979495004,0.02389900299112327,
ANGPT2,-0.06407176383359031,-0.025905324620915878,-0.0037531896753121457,-0.02411016202357567
NRTN,,,-0.012796412833528368,
ADAM17,0.0148080544978018,-0.010089506017092688,0.02751109251162593,0.039446043064995794
LRPAP1,0.023540608501281007,-0.06032500443525893,-0.026625257984165523,0.004577008582774098
NID1,-0.004188663205807332,0.012657466754809369,-0.01887878989948056,-0.07219216326691456
MST1,-0.006749951470377602,-0.06514574490869851,0.020985902306327874,0.02334223231529055
DCN,0.0022113721865110315,0.02099556262092405,-0.028569322819814107,-0.10219087781576731
IGFL2,,-0.017668265738024286,,
COL7A1,-0.011625649088521756,-0.004490330569926541,-0.05665338369802337,0.20512708657026088
CALR,-0.03083780933707727,-0.0458006372022337,0.009583131999353718,0.04145247570758617
PIGA,-0.07325131080298818,-0.0326992803051288,-0.05078742124232268,-0.004272572808280743
CD200,-0.00784068021010363,0.04490853782926673,-0.008247310945426743,0.028529985037342866
GRP,,-0.016656814470531717,-0.0140355733000328,
CDH1,0.03489944217949416,-0.046544464817961165,-0.0017384119491427386,0.004380331046150188
LPL,0.01881031671191434,0.00522049319300794,0.04650080855288387,-0.0447449794883297
SEMA5A,0.024187952923584128,-0.042274348761180205,0.068818128896218,0.1375153313493374
SEMA7A,-0.045591983293074775,-0.03810641732801277,0.026364216352431077,0.1063517814437943
SEMA4G,-0.09476327550312953,0.060917748407112685,-0.034423482028789865,-0.028672191349338683
SEMA3B,0.0023897542255178292,-0.013562239274213928,0.0019422798229002177,0.07285485717278066
RPH3A,-0.038262455745928625,0.015026591003604917,0.032152770158602864,-0.035573872721377325
JAG2,-0.035266147153926015,-0.032833939264190315,-0.04479974207185138,-0.03188549602759248
CGN,0.04534419889533537,0.048479118507066606,-0.03318338090382131,0.0497639135337708
GDF15,-0.02811250453207646,-0.04871797194536014,-0.039725981287827,-0.005973399811310147
SEMA4F,0.004023497860558193,0.012556349479670445,0.050339845894953425,0.13943251316157623
NXPH1,0.04279571942869339,-0.02229961035401673,-0.006535309958998141,0.11710598270889382
ARF1,0.010871234966200252,-0.04388714844524008,-0.04531673626534098,-0.019892543661466706
EBI3,-0.003559034737907911,-0.016387357897846882,0.061562535993183475,0.1448090768693108
TIMP1,-0.05120667387058448,-0.038806306212725954,-0.008720252189559831,-0.04733386878011014
SEMA3C,0.026942237005033204,0.01448541305675043,-0.042359610934027576,0.04073509354904076
GAS6,-0.0594008417578711,0.004110670895326013,-0.003850983539430543,0.09421705198048416
MEPE,-0.030284829168301775,-0.025382649617181566,-0.0035380022567084307,
SERPINE1,-0.08189499788186815,-0.0551721332451285,-0.027700350471974198,-0.08942203080362386
RSPO2,-0.02447033107245618,-0.005738801085703818,0.06940512130698835,0.07276344875302153
SHBG,-0.026221011449420534,0.08703450968932835,-0.0022782308222738736,
LGALS3BP,-0.026347114399792957,-0.020551727934415318,0.021490057070929304,0.096039956206175
LAMB1,-0.001991890944970254,0.001634052095276695,0.0031812701706405012,0.1592981387624146
SPTBN2,-0.027352840602794144,0.08420166402579463,-0.0070319080088336264,0.00038484830345730526
COL1A2,0.022831148168732194,-0.027417136155298956,0.001829423544082325,0.054691132559032046
WNT11,-0.023815812563647516,0.047344993836474905,-0.017243723979547012,
LGALS1,-0.05808060437100026,0.016969155390133255,0.013844612821901822,0.06006037085057546
BCAN,0.0556123645310964,0.011426294708600623,0.04144462149793211,0.005892943492280535
ANOS1,0.03365476532766452,-0.01749461505738298,-0.005352225002046998,0.02218601130334726
EDA,0.013615692089209869,0.0477788419059936,0.026983180736742645,0.0796229352130927
FGF22,-0.02668122798664365,-0.016829269196074498,-0.021544626956370768,-0.03266236458514663
SHANK1,-0.03136520596816887,-0.0013016791927004062,-0.020295000017302642,
NPVF,-0.019805641119199725,0.09313944308992626,,
TGFB1,0.009514149604266747,-0.042846375804873355,-0.021917518224893656,0.06272960454080499
MSTN,0.01682844754098314,0.040260105573133816,-0.02177354983113556,
WNT4,-0.0702672983618193,0.047174690498741914,-0.052998314102564156,
TNFSF4,0.0024575946057607554,-0.036801018929826644,-0.03853028128634369,
NTN1,0.05376771426007531,0.004295925246865177,-0.04857870483152971,0.010655481720518304
CXCL12,-0.04424652968853031,-0.008513661857291747,-0.02486412534741258,-0.008363293313964744
GNRH1,-0.02082074084947029,-0.020407669735864897,-0.020245593015279964,
FGF8,0.030248657951175324,0.01883138159240565,0.06325352811931895,
RIMS1,0.06471452875869832,-0.0013659645509991453,0.042408899910341316,0.03133687149155451
FGF14,0.013207916235970684,-0.03844329388815502,0.0253979949395484,-0.011699211884660752
IGF1,-0.017896769473085942,0.12410107624225959,-0.006588652761293367,0.10540099026224146
TNFSF10,-0.08463736262823554,-0.027779942896524,-0.028073061960528497,-0.035611276584842144
GDF5,0.03130959695242832,-0.019228490207920553,-0.04378586229859465,
CHAD,0.02070433870137013,-0.03680102282703135,-0.02000149394153583,-0.04011110892006317
RGMA,0.014048067266612934,0.055742121414205856,0.004031842373241209,0.11430549293953267
WNT16,,,-0.012796411144532505,
CX3CL1,-0.00627416812391226,-0.018193462305973334,-0.022344441515223638,0.006513078017723171
FGF1,0.03297494945559645,-0.058415722837104896,0.03639341099921311,-0.013048472431977638
ALOX5AP,-0.09992296098272223,-0.01662656984779928,-0.026594101071767032,0.11411384624909293
IL1RN,0.008173293948084762,-0.014880257265366268,0.011126839744405035,0.08691005929783566
PCSK9,-0.017275708413995502,-0.016129220787718366,-0.012420916001472897,
NPW,-0.03022718006668072,-0.05383957042879887,-0.002338749604441592,
ANGPTL4,-0.061532080610694935,-0.025267771426176425,0.006412891694526,-0.15881671961744037
UCN2,-0.029871535410793956,-0.02801788961868148,-0.0140355733000328,
COL4A3,,-0.012763381502288933,-0.019630341286187066,
NRG3,-0.0007962828696869029,0.01447367326886291,0.041486691462574214,0.013306392870473933
IL23A,-0.017275702387504414,-0.020714563422363663,,
COLQ,-0.0295744518648865,-0.03538368920272295,-0.04936710165818099,
SCGB1A1,,0.12743469804981336,-0.014371076843523421,
TNFSF12,-0.018907718407534885,-0.001585156212840607,-0.04903692496607469,-0.0014123997747545881
DKK2,-0.020392767248531094,,-0.016541740990730514,0.06371377427624215
FYN,0.07944859703090133,0.02716732045353174,0.013893293814743746,0.04063100179633947
ACE,0.0048020025802696705,0.07668371320701833,-0.023343791307046387,
IL18,-0.08341937334974422,-0.013717126941126364,0.030667528638910663,-0.06809447542505875
PPBP,-0.0010902290589856303,-0.019093328845866286,,
CCL27,0.11582759110285197,-0.009282492219746346,-0.03383689040655763,
SERPING1,-0.04369915864150935,-0.04621172263155157,-0.03004980754830745,-0.03153582451415176
AZGP1,-0.01685305160546185,-0.012379936470948729,0.007190676963693252,0.10198531122806023
INHA,0.01203512143731601,-0.0391803894425571,-0.027004810199681754,
SEMA3G,,,-0.020606954162711074,
OXT,,,-0.012034280082980017,
COL6A1,-0.009814829040955443,-0.047240254329825294,0.003779874241527665,0.13587107843082258
FGF17,0.019776855637494636,0.0010499407400131877,0.014273456717710378,
TNFSF8,0.015990235834275272,0.02773319088980688,-0.012796412833528368,
FGF20,-0.024958343682998395,0.03252424369889325,0.03416964838863901,
ICAM3,0.10538489684484358,-0.06534268337430733,-0.04947372268868338,-0.0351346328990616
LAMA4,0.011989932151649438,0.04046378046638117,-0.019251051294823882,0.1082320025689617
DLL4,0.07516255037281569,-0.052965016259355936,0.014385616915912518,-0.03608239374910812
SEMA3A,-0.033762094091036775,0.006785321878456194,-0.007808997730089106,0.12603035846351118
RLN2,-0.015871242211721155,,-0.01403557175231474,
C5,0.006486009229106391,0.013996271590048858,-0.007475803566058554,-0.04096128143761631
C1QA,-0.04764155765408739,0.012528595288947881,-0.017991618428230032,0.05242637091901319
COL9A3,-0.027840592869391056,-0.0006866676772843878,0.009641087325839447,0.08500552532229813
HGF,0.01659460162561973,0.022381090207718255,-0.028732463388366852,0.06955453069124477
P4HB,-0.06105884553250344,-0.046618752731768465,-0.027274389640523956,0.031440636064214975
ADCYAP1,-0.013631256061792602,0.0021302329146622675,-0.059822633642109026,
GREM1,0.007351195782412918,-0.025909845845218275,0.016223218882453996,0.07617857284266999
EGF,0.025816042868602354,-0.015399747429113386,-0.017671403457580163,
VEGFB,0.005663545969686699,-0.025071683103295564,0.07916318775573919,-0.010757283359857615
FARP2,0.04261946569958352,0.0031261889700140836,-0.003209597361707481,0.06872402212983024
IHH,-0.020775767412562603,-0.018785138934874046,-0.013864957751393178,
LAMA2,-0.01609311102791591,-0.0010480448848650195,-0.0641770195814892,0.034937404639062745
SERPINC1,,-0.015399748654197248,-0.013692343643888123,
NRG1,-0.019298981034433744,0.01672584020547107,-0.002857552043833548,
SPINK1,-0.021659250193650097,-0.030917394336976586,-0.016830645704790335,
EFEMP2,-0.11535440306234533,-0.008132248370370502,-0.017368212661506576,0.02014545074794348
SELPLG,0.022880532253125623,0.02311367913743378,0.051406051701074075,0.13942868615866855
GDF6,0.06417950342735436,-0.04536549655841689,0.05134188288193779,
HLA-E,-0.06438416130146893,-0.02676838265172764,-0.021909834335387457,-0.0295154609153917
PTN,0.009794595491412856,0.03188902176083105,0.029338234125990913,0.13980970084157593
CD274,0.02241737817270406,0.004096538015112125,-0.03502960833183082,-0.04843624111643905
CD14,-0.07186905794987193,0.033511728270720464,-0.035452209648923025,0.024566568372485442
SFTPD,-0.041764819506627214,-0.021039468413596635,-0.002659385972965509,-0.0336702564280183
SLIT1,-0.015608743148068609,0.002943744375856465,0.07983849063950589,0.03750224777887418
CNTF,,,-0.0140355733000328,
BST1,0.004281211558003058,-0.031526908757342716,-0.030668325263389896,-0.041797554807396234
AGTRAP,0.00619313077111608,0.026381815748737554,-0.06203604080066497,0.1299295853608421
LAMC1,-0.022245782059781945,-0.04468495081672846,-0.016138491510093063,0.00409613735118726
COL6A3,0.004384473870887747,0.00649311368638227,0.012054363763014199,0.05759375425319268
FN1,-0.030543547926968787,-0.053639711245339984,-0.02236389475664689,-0.040408713193577576
MIF,0.013047535509574321,-0.014791839893132234,-0.0174812489874262,0.12955616390849775
JAG1,0.053484933842389296,0.00831593729765096,-0.025125385343843103,-0.0641864217803609
NID2,-0.0783289990334532,-0.024611747572987182,0.005272177878714903,0.10951335777923181
EFNB1,-0.00941905806618643,0.02977988002549747,-0.05644541381652228,0.055292757211745966
COL4A2,0.04029686433828971,-0.04567042533362531,-0.01419083175868168,0.043966312960211924
SPP1,-0.03433932469601313,-0.022255229271318813,-0.04315176795017983,-0.11715707954879533
PODXL2,0.029775589292434238,-0.00862847799398739,-0.07213523425724883,0.06937402358358974
FGF9,-0.041755357307058975,-0.008754775453828668,-0.014302456118632016,
ITIH2,-0.04565871701011953,-0.009953010681751782,-0.021039704452829,-0.029458535694938254
ADAM10,-0.09320758582736233,-0.030856285651341988,0.02167789494200156,-0.001793234386930187
CFH,-0.04554280226310649,-0.0323139287600217,-0.018326790828534188,0.03577352935292522
COL4A5,-0.009626551587400643,-0.0201838852279175,-0.07593791850507303,0.06539704194728241
LTBP3,-0.06567823459948163,-0.04880732398462104,0.0025817866495897817,0.05385466031558412
GNB3,-0.02185925368973715,0.018477049246091476,0.010832579335626133,
COL6A2,0.01955968492208427,-0.012576029450922295,0.015030914623923334,0.07121768555512817
GDF9,0.024098656920801903,0.07253506427928605,-0.03127259660183141,
NCAM1,0.011458964727753835,0.05835769459091871,-0.012274228906313609,-0.022401195014503966
APOC2,-0.0341653007661782,-0.03638420701763029,-0.02214322883255295,-0.04326295651768787
BST2,-0.020315350067688042,0.02967552102717664,0.0037179315893654838,0.06839229298612896
COL5A1,-0.016290853509325406,-0.024554353017411507,-0.0054802674432705735,-0.03561122690562367
CALM3,0.01793099340697852,0.01987458530737843,-0.03725030942851671,-0.049829292748170655
THBS2,-0.04385538402856646,-0.02787009239609895,-0.012644496246817766,0.08618340311323217
SERPINE2,0.006869276164479372,-0.06597047095303557,0.007425086075761864,-0.005709823213381081
EFNB2,-0.0005801088416882015,-0.012151848327061598,-0.016466017070898585,-0.004510339502181114
PROK1,0.03767862851508222,-0.017000110207225656,-0.013161711695526039,
MMP9,-0.06022882910049833,-0.03814871735918077,-0.030381202192481086,
NPPA,-0.01078267083690346,-0.01478541998424313,0.04560260603123215,0.1945189059270037
C4B,,,-0.016248134037514596,0.10973723065652703
NTNG2,-0.053404215863294587,0.04194499144997762,-0.054098393812887544,-0.01400522139395737
LAMA1,-0.032289763106002706,0.010800834250282637,0.00730681259404194,
UCN,0.03381948427262207,-0.03552580259094547,0.00015330405627493994,-0.03367029758882598
ARTN,-0.015067498520577384,-0.010508270955759492,-0.02539452200411434,
PDGFD,0.07150478591055967,-0.034819124373504866,-0.018992458520796347,0.1418288589875663
EDN1,-0.010789123256060448,-0.0445701669989429,-0.052742116418572606,-0.024912219463167046
ARPC5,0.06000678757219825,0.014408264239280872,-0.011536695517723298,0.13730807781705687
GSTO1,0.08504728950723081,-0.024875178282091237,-0.03673309223785524,0.027695828896910496
PROK2,-0.013790871684243611,-0.01733714235543957,,
SYK,-0.04625128766271446,0.047074977256294684,-0.0372934431525075,0.15000695541571468
ST6GAL1,0.04287494401111384,0.014843107321863018,-0.018650094866515376,-0.05418652034800876
WNT3,0.040597236982629875,-0.038528409889151176,-0.01767997703515093,-0.03561121470374217
HSP90B1,-0.05808317417424327,-0.03363981886091015,0.011525068357321196,-0.025568851616188038
ZP3,-0.02559641101465714,-0.024534788117325925,-0.022997532169179893,-0.010399942249397668
NRG2,0.01998124024328437,0.05560352679887766,-0.023793847208620954,-0.06469971906349749
MELTF,-0.07683859286620556,0.00023208758445968566,0.0825089438718034,0.04554073101483697
NLGN1,0.09125338758664271,0.023359303624735723,0.022092907349337713,0.09659271599936356
SLIT3,-0.010270456089513337,0.014103574205181785,0.043008240945310416,-0.05043411321762716
CCL8,-0.039378587563176325,0.07376570120421368,-0.02836022512862682,-0.035134630254049476
S100A4,0.010273221428531156,0.003631373807138576,-0.017488951370034755,0.06382950134473024
TNFSF13B,0.02151900414335761,0.009663432145888986,0.034085553933508615,0.23772084803868615
HSPG2,0.02479749716978023,-0.04985869990430406,-0.0017902053036332256,0.02521324784423137
FAM3C,-0.008261953537728359,-0.03148901805972194,-0.06576353188062799,0.050735453245018707
FLT3LG,-0.0008330895814121852,-0.016517940030697394,0.009378533046698495,0.10088419392809735
A2M,0.011337238541701211,0.004446542590250258,-0.00808767088713066,-0.03536464330413215
VCL,0.051855236456168234,-0.03808578323483519,-0.0017900408526116494,-0.059674542099065954
FGF2,-0.0005768325536912404,-0.00717528859054832,-0.016046113792357795,-0.04643511455713229
AGRP,0.03540357532649962,0.11237701149369489,-0.01351765766452986,
CNTN3,0.017587222819037962,-0.03897034814588211,0.06109438763625082,-0.03513460204062392
RNASE2,0.03724385363652626,-0.012295010245355112,-0.06349883802132326,0.09649352923317762
ADM2,,,-0.017255693264496462,
GAL,-0.038131283512505235,0.006025755554712865,0.07119759841285049,
CXCL6,-0.04285717141816036,-0.028978015002315064,-0.005856853759999883,
PDGFC,0.016013866884545737,-0.029834351329325662,0.05682166511177552,0.07179508211849944
COL8A2,-0.03494597293939862,-0.06912475842248235,-0.058208522337359146,0.06302151204098562
SPON2,0.021723614526182985,-0.033013715471300206,-0.017427093397413492,0.01795796479602879
LCN2,-0.03456621899869868,-0.027796814300315605,,
SEMA3D,,,,-0.03316965203516704
BMP6,-0.028888402779296392,-0.020856377964439083,-0.025092678574694324,
TIMP2,-0.0036827161013063933,0.007647007883006104,-0.012375885206570304,0.024489869474043066
EFNA1,-0.010171435673944858,0.004521508142632772,-0.0038386434397700924,-0.030447210526173343
S100A12,-0.01749947693976759,,,
TFPI,-0.038251655166101205,-0.03762529078365221,-0.003921128181811456,-0.03746560415182757
GPC3,0.042119879630743616,0.017750130680297457,-0.04490411552747777,
NMU,-0.05032807287627978,-0.041293567919363075,-0.026380266579324352,
SCGB3A2,-0.019805644333282614,0.04537810886309818,-0.02266931618671066,
LAMB3,-0.014139262757109215,-0.01341657182216597,-0.0317323932808096,0.09186690412357175
LGALS9,0.023269429311273605,0.0073147620719611825,0.01025820918896226,0.013307471949903097
VIM,-0.03109696902829529,-0.0017996456932278708,0.022080972073140213,-0.006348762783724809
PLAU,0.0052424281034061035,0.005771413527642146,0.023921309008998307,0.044255647348825984
TGFB3,-0.010480675684472463,-0.040714530590733815,-0.018525651159686626,-0.018170034661438354
APLN,-0.00866502109812662,0.0005575266100913562,0.06861821030367597,0.028649342548700576
SHANK2,0.02222521961385121,0.012038585386326232,-0.03811949497579801,-0.03327748401827039
LTF,-0.07722383975544266,-0.05975275641968887,0.03987872739123303,0.19825195246727606
PYY,-0.02312504115201848,-0.018939800603713912,,
PENK,,,0.0023264485267023224,0.1515650579571067
CTF1,-0.053049006958942706,-0.047103537545891416,0.007843546489729201,0.006812794637623034
COL3A1,0.06041012361885071,-0.02441181889719247,-0.00385722346493721,-0.004018249059410838
S100A10,-0.0223692975838625,0.01623045715915197,0.01993654292595926,0.043636767756614604
FGF13,-0.0014054035061713797,-0.05945402144421794,0.019207238077476967,0.08259662983153994
SEMA4A,-0.05370151861506719,0.009011711475748677,0.03917069866499633,0.005099268434634938
EFNA4,-0.006650408983198295,-0.05501735827611286,0.02752615856268761,-0.0356111876853349
HSPA8,0.017185250349776048,0.06659475718191943,-0.10080990468055581,0.07468678843483963
NPB,0.001907877808244266,-0.029917183449624678,0.037296183741108796,0.0940850335441386
ULBP1,0.01855647155132652,-0.016129222017000264,-0.02385402068869305,
SEMA3E,0.020550458210746816,0.015685714267380794,0.04353537225083507,0.023220120416931517
FGF3,0.05001614019717074,-0.031882920233118506,0.0649453701155779,
ADAM9,-0.04415625120552266,0.06481339547667724,-0.002886328088892956,-0.06526420646168626
ASIP,0.003156151484862766,-0.004713682078738886,0.004730558661861316,0.13472837576030533
IBSP,-0.005640861549903638,-0.04060108406202613,0.076576382263075,
MMP12,,,-0.012796412833528368,
FAT4,-0.004720023715710504,0.02953649704628596,-0.057506957017802264,0.16944390489814953
MDK,-0.029286523611623344,0.015103041268379079,-0.06420835540103849,0.167121039781949
BMP5,0.022903038680393922,0.04596972934254344,0.019502910116724597,
CAMP,-0.03431874931000958,0.011181487583892608,-0.01873904115316343,
HSPA1A,-0.046987540369641555,-0.015196658046135257,0.051679499235218244,0.07533196789189436
SEMA3F,0.02533563945675846,-0.06408491174854342,0.01837203542121731,
ARF6,-0.01642068360008263,-0.000311008458120143,0.03109649670874121,0.022472075148762427
IL6,0.05084213059628207,0.050997458475889296,0.07354642020781627,-0.02791421467517721
CALM1,0.01758844484444647,0.12315141662824582,0.004823430717762537,-0.10547975579087006
VIP,,,,-0.03109707112224919
NMB,0.012076681178588428,-0.02114450685923962,-0.016406237124396636,-0.04774033840487401
CCL26,-0.002712952886678192,-0.026639466693716668,0.0617656264328473,
FBLN1,-0.009394790007807258,0.0028624887264255194,-0.03776436946802267,0.009763057039798642
SAA1,-0.05682857289940254,0.013662790206161263,-0.006247092382568098,
MICB,0.049735457993014646,-0.03087879344926665,-0.026957701693259627,
F13A1,-0.05121756951005537,-0.008994829414210748,-0.021761360061788217,
COL5A2,0.006588860098825271,-0.035358369770469966,-0.005834944740800453,-0.03311393993353649
EFNA5,-0.006387758253900034,0.01778471502553404,-0.04285492138287126,-0.05875381352797406
AREG,-0.0060195128308453,-0.017027938547584925,0.001100991271254428,0.09476464268033769
EDIL3,-0.03110869271950313,0.06611440434769113,-0.00746454132970071,0.011435829819521886
CD86,-0.05675315269391105,-0.03457815487204913,-0.04941819889151609,-0.08129731892606432
AHSG,,-0.01594976531766391,,
HRAS,0.033031343350951384,-0.004017005654538877,-0.0455318087418627,0.020517066039192882
C1QTNF5,-0.02152208947282363,0.017701200466735248,-0.01502100293568543,-0.036548442041967846
RLN1,0.006219100270373716,-0.017831719411072738,,
COL4A1,0.013855547806571087,-0.04808272123704125,-0.0075887660317754905,0.025864708614240606
CCL3,-0.03060757078149067,-0.025761486986321355,0.0065164787925469266,-0.030971836927409162
BGN,0.007476374145915557,-0.03225834515864385,0.02292049538346172,0.03406151029707844
RETN,-0.029313085084722686,0.02867266477461468,-0.01609947846074203,
S100A9,-0.06917128416696737,0.01171822511803422,-0.03792465081166811,-0.058201940576568405
HCRT,0.072019277549269,0.013279160193828502,-0.03698007778890908,-0.06098647679050329
FADD,-0.05008708413019466,0.01562451686377412,0.005775035828893198,-0.024973319638783166
ACTR2,0.037620073188834875,0.0324353528790888,0.014069767671513344,-0.05345469634154516
BMP2,-0.02917433977853968,-0.01445439663157673,0.016632670387186018,-0.04598968393344921
PDYN,0.03400337295201222,-0.018472300802804622,-0.03277902747347592,0.1266799713906018
CD55,-0.01294503893729987,-0.07263413861142701,-0.033686100468236085,0.03374492021569945
PDX1,-0.026681223372344288,0.03512008629209265,-0.024382840348750434,
CD6,-0.020775754368822272,,-0.017943678574280433,
IL16,-0.09167913394471958,0.012424850658723252,-0.06565007562575544,
LAMA5,0.004393839013547862,-0.05814221082431241,-0.05270941414017383,0.08640672067625324
RGMB,0.0676769381550488,-0.01135334739215416,0.006072025523313334,0.05353180436170349
IL12A,-0.012591922968279606,-0.03138630002352412,-0.01469939839068296,0.0531965222670917
S100A8,0.006875179134546939,-0.03629970154988193,-0.006800484747833101,-0.04462424677084708
TAC3,-0.027057877790010783,-0.019801153838617244,-0.024479840643324542,-0.023812912948001277
MFAP5,0.039086111943649124,-0.033210500477770764,-0.06292402112835895,0.017681263823581348
CXCL16,0.019753857102828985,-0.04908366998940429,-0.04668047454882153,0.053297685582570996
AGRN,0.00866264512764691,-0.018783381395425416,-0.0737056895138655,-0.028192840857206948
COL4A6,-0.004503668870603841,-0.024670927964668774,-0.04901077300745602,0.09742298791955134
FST,-0.051047485970001916,0.020932756275022554,0.015223930116817523,0.04129027819440135
MEGF10,-0.017219295960962666,-0.006687199209169048,0.007230959195244873,0.04755459441480353
C1QB,-0.030497599016191673,0.0038078902651552744,-0.03480398610663414,0.10601520187552822
HLA-B,-0.09096879704353464,-0.01139110369696187,-0.00027250227114528503,0.13043461884423618
PDGFA,-0.044213160466140454,0.01697716064171391,0.002369254041797489,-0.015779967315779086
LAMA3,,-0.014038431029988366,-0.014861011625522603,
DKK1,-0.014457511151160762,-0.07679795317006846,-0.01792898699599984,
INHBA,0.014751030237054775,-0.02089095203650505,0.021513559288810845,0.023087814666706775
IL7,-0.03331475982156813,0.006084894614492039,-0.024889784758535143,
FABP5,0.04729287733792179,-0.014424890054970097,-0.007947680818042886,0.01948858247002895
CCL4,-0.04446014589350665,0.0020413670784081442,-0.05463423147220542,-0.06612268079494878
FBN1,0.02326652990853817,-0.012203185607843097,-0.050577859312693256,0.04899338839062077
TCTN1,-0.04857405618857625,-0.022338358104630557,-0.048805769116073636,-0.021965545822791827
NCR3LG1,-0.028168854294007194,-0.021137464719411463,0.07639480364507299,
BMP7,-0.023066808934718238,0.05183908065876112,-0.023498662854747634,0.02982254486444275
NLGN2,0.019520526937877956,-0.02051136767876501,0.0019656159724695775,-0.0076975433318143644
CCL25,0.01840010083372296,0.07122092685582661,0.019337471577939757,
NPNT,0.02815410794192946,-0.0004709791157604298,-0.00012401115047862768,0.058017828723928876
KITLG,0.04422795863198985,-0.04331011426938412,-0.0342036800337329,0.0007483646806747804
MADCAM1,-0.021338530275421964,-0.016482684806066836,0.09502389229201288,
F12,-0.06982105355786421,0.0906581872609122,-0.05292275296946077,-0.03949299445410749
S100B,0.03764292346767994,0.022164721456768132,0.0802740246142728,-0.0032077225286002765
IL27,,-0.01999220873269637,-0.012796412833528368,
CD99,0.007331927258403384,-0.05465909330878272,0.042122104486429765,0.1468370750335051
PDGFB,-0.05825126389511563,-0.03966163401775673,0.0030328394859394417,0.0571633992402114
CLEC2D,-0.04335275685935582,-0.01784035566040566,0.04302518561755893,-0.027787784720618228
F8,-0.012369870711064566,0.022844947279079382,-0.0019031557429213918,0.02146246703135698
C3,-0.013122808651775114,-0.019420773391206455,-0.04776459457320301,0.07232673805396056
DLK2,-0.04943342964350707,0.018911205529825007,0.03520158960088258,-0.04011089431762104
TSLP,-0.02816884988606466,-0.012992570064362417,-0.02926592285911524,
OSM,-0.05027403333341275,0.059699636451424766,-0.04006367091818743,-0.014671621356884412
SLPI,-0.009391484506593795,-0.005354220850917363,-0.009846937114279246,
AFDN,0.00989582803277421,0.03178965282009127,-0.057581490451027645,0.004272945802223178
KISS1,-0.024305752943498748,-0.01576841028066536,-0.016830644658650324,
ULBP2,-0.04069277584760466,0.014667117205403752,-0.05140585939682298,
ICAM4,,-0.013833677931491907,,
ANGPTL1,-0.02888840242795472,-0.011328484568222056,-0.031187359060868974,
LTBP1,0.02854275076116031,-0.005723917548665232,-0.005227293891060827,0.04352233286450862
NTN4,0.05981133036513765,-0.03665566712780265,-0.01575651109796915,0.035072854448403974
APP,-0.01439420711509225,0.006932259825556026,-0.02157890811395369,-0.014632087386010836
RIMS2,-0.05798785442191791,0.0329386295893222,-0.013287972683669453,-0.040926117484678164
WNT7A,0.016540547093412593,0.03329509816798746,-0.05020383794045215,0.1391105223975848
GAST,,0.08933228735915082,,
GPI,-0.020658137595279197,-0.009641426937646703,-0.01162936431874217,-0.022156281463978005
IL1B,0.02700685678935679,0.0017246196872858406,-0.04243137593104789,-0.03697606975897745
SFTPA2,-0.017275710396395264,-0.013626018652478441,-0.013692346902840602,
HAS2,0.016622266459123524,0.03452759808115047,0.023843709848288753,-0.05025932380331036
IL11,-0.029549898090661775,-0.025605658043171647,-0.037637474461023813,-0.036548388333114516
SEMA4B,-0.03733807620994564,0.009870546481096209,0.07236653037677653,0.02034694985423983
FGF12,0.010896644281164321,0.04846372452828157,0.00018594458805258423,0.026515401082358586
CP,-0.021960433416711975,-0.05022072734812908,-0.011040266419203753,0.022489087217742242
NLGN3,-0.007155050937522047,-0.015051485921339883,-0.02342333302073543,0.09114724030429586
GZMB,-0.02479659499903419,-0.019547399962088232,0.023489707448817315,
PROC,-0.02447031505881106,-0.016656810131650487,-0.02569346629757848,0.0888493209711241
TNFSF11,-0.0163520142282958,0.008423466806565645,,
AGT,-0.07577684630767435,-0.024125251412443413,0.03607383556399314,0.009353172425022524
PTHLH,-0.013633076548033802,0.07578583152292376,-0.023115824656015502,-0.046939937655740775
COL1A1,0.040056156118551775,-0.036524249729979946,-0.00840696582601348,0.1753663752629861
LAMB2,0.003980017758008639,-0.0262971653048877,-0.031037531422235132,0.09061980929405118
DSC2,-0.0452046476568783,-0.00010775030661446903,0.014704719800774611,-0.06975600042784434
WNT5B,0.05445153145059044,0.020295084766378584,-0.058650581619950605,
LEFTY1,0.028210689291193275,0.09198725427507093,0.01696503195198373,0.14963760033288698
FGL1,-0.02397363648990572,-0.02209646579435685,-0.019252858467317037,
CXCL5,-0.06431862315364266,-0.01930038957396395,-0.00680191581037887,
S100A1,-0.0004873861278833301,-0.03198814142528613,0.011281475718187623,-0.016745849775172066
NPTX1,-0.06848716520838685,0.029751119671383115,0.025793741171399997,-0.047977850841241225
TGS1,-0.07984409351726342,0.030492963037551158,0.020076008124732075,0.03976163628207511
SST,0.02363895052604396,0.019287373210236755,-0.04561678722173334,0.051884649913586184
IL34,-0.02503404129348347,-0.021589483995014258,0.004935769815024473,-0.0016966865763524774
DHH,-0.020006122643721685,0.0022464775400713056,0.00891518234318764,
TF,0.06239444208984016,0.005310022899938224,0.005120350524211132,0.07102677006251938
IL33,0.012175554718198705,-0.0375691056302216,0.022215921871508917,-0.012121957422387447
RBP4,0.012945127695701315,-0.02239228212265798,-0.031558236570922396,0.08768555557378095
CCL20,-0.02041980121269186,-0.03023024188111292,0.03917441676852005,
NAMPT,-0.06902794838530385,-0.02859349418252477,0.013847000256826177,-0.10736642874243157
