,UKF248,UKF251,UKF275,UKF334,ZH1007inf,ZH8811Bbulk,ZH881T1,ZH916T1
IGFL3,,,,,,,,-0.02148681568960655
BMP1,0.020545207349726775,0.032870088687877476,0.03514404638709635,0.03867554755963048,-0.05553693369886054,0.005125074939826407,0.021132585958221393,-0.017717577722679633
NDP,0.014383711986270076,0.0008399206471270083,0.0014155413440440176,0.06893546698187691,-0.06995507770598873,0.04476913160003519,-0.011317389326099993,0.01105794886466635
TNFSF18,0.004371653415930977,0.07201769600380335,-0.015670681980767615,,-0.024124895318364783,,,-0.036244416620036746
IL36G,,,,-0.013143812135581525,,,,
RTN4,0.03247783462169723,0.020735947523145885,0.023802771510071635,-0.09041920433808175,-0.019148417041517228,-0.09462145703398175,-0.0322220738044618,0.030077606619319255
HEBP1,-0.027392942278358912,0.02492107281486496,0.01593043738503124,-0.009673198329679946,-0.01466500459514319,0.0005818271524003824,-0.04416464043135555,0.008291168121201448
WNT7B,-0.013694612933967728,-0.02184516318992818,-0.026001279008685086,-0.014446564248309172,-0.02655915502522416,0.055854740619076276,-0.0038752408246521338,0.032839326962356426
PTMA,-0.0014363033123708166,0.014405699570397347,-0.09121445440925322,0.04260234643679835,0.013266133788700058,0.00048350397059832066,-0.022491231514978564,-0.002215648908592946
FASLG,,,,,,,,0.003147386464797547
CEACAM1,-0.02837026463581358,-0.0167648488501776,-0.0018158412990433232,,,-0.01808102030776464,-0.014092733637167842,-0.025928572208962948
PDAP1,0.04337830474564519,-0.018652775520505645,-0.05164467325771862,0.031669182721496776,-0.01942055270178401,-0.10813140618670848,0.0025450735772475246,0.056746261189925165
QDPR,0.0031357565723057657,-0.030482055650767826,-0.01777202294522116,0.07643058225118739,-0.11360848998055506,0.018981610453002416,0.0027576775072206713,0.05102583497716864
POMC,-0.007486612254723446,0.015559680882646577,-0.0025957297188931162,-0.015287898225188251,-0.012589018980914251,-0.04235737505639533,0.09450956754922368,-0.061220837063229554
CCL18,-0.035403409728640735,,,,,-0.044152654273135125,-0.032611070915054906,
CCL17,,,-0.019544391418084606,-0.012007245538553733,,-0.02610108793047738,,-0.01689099479385092
VEGFD,-0.016352017823403567,-0.024012282456881574,0.10066578381480708,0.09227068599570194,,0.026657092019718484,,
TNFSF13,-0.02671655755374205,,,,,0.0004561583828266857,-0.015825195343802497,-0.01226301922502168
WNT5A,0.05645875090086357,0.039745873413836924,-0.008559147449882567,0.015684567788424867,-0.010259621985016003,-0.0036905632101033865,-0.028771077585470334,-0.021972422617604185
CXCL8,1.0024274064497644e-05,0.03665251597854119,0.010809972704954986,-0.03869076663705419,,-0.014196920073462897,0.03600298771785498,0.035491034529147314
GRN,0.006661024971931344,0.031163119681384067,0.0042633638888841955,-0.026443954983222863,-0.06458831959492116,-0.028895444699777503,0.03676956541149826,-0.02889130621030093
MIA,-0.029546676486667794,-0.02135484477044012,0.022613211709720797,0.11824110575284744,0.02138719227738402,0.08747645653163148,0.08407052854753858,-0.006464711107177317
COL4A4,-0.007714496918931093,0.0027354959749329145,0.021242004531843998,0.022030739136347913,,0.026740949668138152,-0.028401729178466176,-0.03254426690549479
TAC1,-0.033618750460407285,-0.056100549547444103,-0.03813119185780173,-0.030297660449474323,,,-0.02431398029719745,-0.02220493020515944
RARRES2,0.018409150101055493,-0.0017359921738554541,-0.008519405351467725,0.04724779145476007,-0.08826643549894986,-0.017388707546272076,-0.010632543062168301,-0.010760636069270501
FGF7,,-0.00348607164914709,0.037710863945771486,-0.009374206089462123,-0.02477814397488688,0.10667669264588146,-0.030838304171310987,0.07165320337295351
EFNA2,,,,,,-0.017184799765012786,,
HBEGF,0.0029792620433768827,0.0005070978331576095,0.013337630155721304,0.07550652715262594,0.0002426765371864613,0.005058108856489104,-0.01060740409562752,0.039610117941566256
CSF3,,,,,,-0.07030040557289759,-0.02020385871749364,0.029313214938246117
PI3,-0.007821106626735111,,,,,-0.06823627845788727,0.038636466966411105,-0.005023374519838588
PCSK1N,-0.023037617702140585,-0.03327165302195312,-0.0033636051179220506,-0.03934792877620058,-0.02650214702826229,-0.02587291650317681,0.038967246284676356,-0.01222186923291578
NTS,,,0.047588037680880726,,,-0.02093641746722687,0.011625118794718123,-0.010419138113381363
SFRP1,0.018017579484655533,-0.05027327160503561,0.12784164283199725,0.03289590055434743,-0.032560793389360326,0.028844663059171168,-0.011066714428619112,-0.02572314294346782
CXCL13,,0.05532625837414999,,,,-0.044152649468090006,0.0448676352092637,
MICA,0.0240283917703646,-0.01096772032591028,-0.009003811620264899,0.03238476218406191,-0.019750202299760298,-0.03127569692187493,0.0439177085219017,-0.029549134869917112
TG,0.05984805760203699,0.005442777586366107,0.007989728435443278,-0.01803657705653998,-0.030917179842863417,0.0365758453893979,0.006086205317530648,-0.022404356310924127
ADA,-0.009596045938538446,-0.047095187829537644,0.040235414578515066,0.0487758851455271,-0.05952680107835923,0.025735268025250935,-0.022897096939693214,0.016169750466122575
LAMC3,0.008260809449853218,-0.009007565366048489,-0.04336278428232046,-0.005241524607260748,0.006880622147972878,0.018687494722172123,-0.006717090538138857,-0.0264263180476114
CCL7,0.009537555377508633,,,,,,,-0.01863550129069848
NGF,0.027276400730662082,,,,,0.07900297225188085,0.011404068253781995,-0.03331447363135062
TNFSF15,,,,,-0.028497813355952223,,-0.012546249406106555,0.04343484191303553
HMGB1,0.05791954692312244,0.005701932965975273,-0.017388776494793628,0.0075201819615284635,0.0068540158193854525,0.06216848278178325,-0.021379515011746956,0.06074256985858931
ITGB3BP,-0.037038127233305344,-0.058071394810360076,0.0287676933755662,-0.030637178078084727,-0.012770034984506393,-0.0188573697703105,0.029896728630567956,0.03870332544525826
AANAT,0.010906871248022868,,0.0904337301807297,-0.01610657138452878,,0.08166474811028943,,-0.019717137506554596
RELN,-0.04395532693595284,0.04218321747884809,-0.02436934398289075,-0.0178313647378663,,,0.05763553038424389,
IL15,0.023816887551924584,0.016189538746586022,-0.01716706718527311,0.029935071483986633,0.03176092258424148,-0.010314550067213258,-0.030604163672026855,-0.010795882241573185
UTS2,,,,,0.0428548375955448,,,
BSG,0.01472504516845804,0.024782013309345183,0.003587330275769895,-0.014213206006349908,-0.16313378833591316,-0.015165101188764903,0.02010898765703849,-0.025562590294221126
ADAMTS3,0.029361465295430156,0.04386276196746543,-0.03466799921684702,0.01620027313855527,-0.03344600919310578,-0.029022699161430732,0.04092976650619236,0.026698454687774775
CD34,-0.012617304299925077,-0.05711148702788007,0.0034310503378211458,-0.015101260545743072,0.08900070439902799,-0.024931763359100165,-0.04105992834082028,0.0009488560185002356
CCL23,,,,,-0.026890807805999867,,,
PLAT,-0.009097930298153688,-0.011531009582262533,0.01244796972418544,-0.03242120012342442,-0.008237760100643685,-0.01758595404006824,-0.005768815497239396,-0.059328379372427686
NTF3,,,,,,0.01821497471953053,0.015189799289412815,
LTA,,-0.01676485057055138,0.09693782650987785,-0.01493810236949694,,,,-0.01038951056412117
CKLF,0.03321858840246312,-0.005109510377684455,0.0051334227248001655,-0.014157492174168245,-0.008869827604884292,-0.04683122064179131,0.04972768590338206,0.0005689477121677006
CD24,-0.03187674062804039,0.05300171304312348,-0.014266262027726854,0.028554325768991383,-0.038559518491819766,0.06780105769412265,0.008865937303789415,0.046526521050986175
HSP90AA1,-0.0045195529546533785,0.03203071408341614,0.018998528675158634,-0.025327499256082506,-0.02106937226221487,-0.019118886614196445,-0.02559976282433663,0.07649371089019091
BMP4,0.015908319848186095,0.01808549790281168,-0.002175626606285179,-0.012728806092132242,0.02219571001282932,0.06269794563553506,0.0034575475018058543,-0.027669922592515314
SCGB3A1,-0.022519557136424846,,,-0.010423610285293124,-0.03318541713825685,-0.008342221379645227,0.0033590332871807765,0.044293760662927145
IGFBP4,0.01725435689258325,-0.0044810760377718105,0.02653625079414586,0.004232957884994241,0.08043152856087368,-0.0684579715361008,0.03184972615447574,-0.042532764761170114
RSPO4,,-0.027102295668715658,-0.019835083855149278,-0.020721499719270245,,,-0.017546665033085888,0.05069058459522965
LEFTY2,0.050132069530476324,-0.016970748442831144,0.010172846385138054,-0.01844092055187902,0.02181526727775169,-0.019759432185688697,-0.023862305209680593,-0.0005809182100444711
PF4,-0.009057420145247333,-0.015249910175427359,,,,-0.015751058743747447,,0.00574607071986713
ANGPTL2,-0.01593806449689113,0.009651498226607979,-0.01187522090340771,0.007224377265458706,0.014008329157162679,-0.01050911346083929,-0.04475810078295336,-0.014823714815581744
LRIG2,0.014563845201357298,0.017680923670198925,-0.013560058561267876,0.034099432002464104,0.033459991984595705,-0.03053851053657947,0.03278202820392004,-0.0028621802385345647
ICOSLG,0.01623982431508813,-0.006142964625067033,-0.017731671459243183,0.0520868369920732,0.08965098217392663,0.029240283752094986,-0.008109380283005695,0.01913736957186424
WIF1,-0.04203329417960871,,-0.015306264403518698,-0.023590199179567315,,,-0.016311324751673725,
NPPC,0.015779660026200418,,-0.029857658488493716,0.0075640000611675775,-0.023758951603177574,-0.0024503157657396386,0.045898936372856365,
LYZ,0.0022001959331768065,0.05435957547592039,0.013304319212574467,0.05231584793198577,-0.03643265313333443,-0.020638007819962157,-0.012616045562995655,-0.033034191202468775
EREG,,,,,,0.07201771085295207,-0.02185466713671762,-0.019424965702945586
SPTAN1,0.04623019801456122,0.00015948212473921756,0.01593211109792421,-0.007010560506424569,0.03810713819887264,-0.005674570157764987,-0.05116035128522804,0.0033169309088544774
PTH2,,,,,,,0.012379202942820411,
LIPC,-0.01572263823795715,-0.02295192983896233,0.018718354321354665,-0.008245878288623509,-0.025193936110975923,,,-0.033551913852131535
COL8A1,0.031403727995631896,-0.023203154713788834,0.008879816695424463,-0.011315928419009347,-0.057641514710742046,0.09177160213175346,-0.019858427022243195,0.012776751570194866
GSTM2,-0.06420148743063996,-0.023293010405599907,-0.004814176977792511,0.0168819368976027,-0.003230932750668391,0.0614385416137746,0.026290516371481016,0.004899379240012674
SPX,-0.008284539306510583,0.021198397689790986,-0.04672535641365614,-0.040675820266037714,-0.031497047966376646,-0.019556952708436263,-0.04318138713002751,0.014490015858482285
MFGE8,-0.03855774770173373,-0.03292421703243321,0.027687370535882008,0.031012621317654483,0.007926487982046603,0.001250543392783028,-0.028082332717343794,-0.03983181125906939
TGFA,-0.045433269859550623,-0.04801715201135601,0.013601445567512254,0.011907371906876815,0.06720166492590272,-0.04346545455528102,0.034256364413131415,0.02284965432409353
SLIT2,-0.02724584872085587,0.003057060154033425,-0.0077290595321521435,-0.0336015328859755,0.04230940505380574,-0.0002915858522421167,0.039154497363145566,0.01608595560967616
PLTP,0.03333326201528217,-0.02978341024963497,-0.06138057149299604,-0.026471552556860414,-0.04590233632694457,0.011186109698485163,0.05474060978882171,-0.03196724013765858
APOD,-0.0067188422854887655,-0.034783169772938,-0.013548704207328772,-0.011536537097180945,-0.01677983418756223,0.036809973753945034,-0.03965541955000432,-0.04129077899973263
B2M,0.005477486949403439,-0.07555510398489612,-0.016001334069461127,-0.00588579073404325,-0.08043509689902914,0.04388969405587011,-0.007101223538449117,-0.03586362772912073
OMG,-0.003096974882417047,0.0058594404071689345,0.012668348704806749,0.009741297893998989,-0.04169127970709636,0.06580873592704999,-0.037831878608570436,0.01298811541537292
CXCL3,0.05325394387838385,0.03297812448770273,-0.011757498579260521,-0.010758138793058123,-0.0244859822383637,-0.02973190114969151,-0.01709573113985746,0.022984165554705893
CXCL10,-0.04774620481189976,-0.01829008991979062,0.0025762184559780417,-0.01709598446804048,0.04268604698496021,0.09619595382307236,-0.023975903078374383,-0.0008796788818568153
RSPO3,-0.019571565665627077,,-0.020728940603417293,-0.011242047695931135,,0.09236716163823169,-0.026437477599887887,0.06933875672043664
CORT,-0.004087522632477324,-0.027235373878962466,-0.026980325400565188,-0.02982480342638956,,-0.01648268241038271,-0.0015883382698133335,
NCAN,-0.009231561328448993,0.06739646091624846,0.02492521082726514,0.045147355780290374,-0.04011398522716549,0.03767244784751587,-0.050589966912233116,-0.009645691075720456
PRG4,0.005830834789409924,,0.019065971043401887,-0.013143812135581525,,-0.024321206538540727,0.031212071701962208,0.0185821830117413
ZG16B,0.012764131401851063,0.052484477368321306,-0.013551117584420576,,,,,-0.005855790579391693
TGM2,-0.017530130572672734,0.02132570268712968,0.0014746355975804224,-0.044825352302803725,-0.029958652752575574,-0.03363688743398284,0.011309103575716333,-0.024246914213376373
VEGFC,0.005652323619839712,-0.023563118920414104,-0.005477786831836541,-0.013413784194916279,0.03645887656054769,-0.033025288299874445,0.022591527221193636,-0.0021118659402490966
WNT6,-0.036334811233281576,-0.016970748888220005,-0.010948027584132066,-0.011706873490449722,,-0.004238399555391342,0.092783034672294,0.0013870617571103677
NRG4,-0.020741304802898604,,0.06274063953927846,-0.01564874383649665,,,0.05661721034664941,-0.0189113919351049
PMCH,0.09040354728584285,,-0.019835082897892244,,,0.04619355783708416,-0.013340805193443517,0.013419657606189841
COL9A1,0.014812688493406159,0.04321364443176026,-0.019903900880666382,-0.017831371577328222,0.03390461073054678,0.07695121439938815,0.03168025393930864,0.036904352441638325
GDF11,-0.013475519464189558,-0.0034587754106161143,-0.008424267876216602,0.002791646425669097,-0.007647438587994865,0.023444135760213418,0.012407697874488135,-0.05146602785804349
RAET1E,,,,,,,,-0.02074566258374583
IL24,,,,,,-0.015499916120211106,,
SORBS1,-0.025418051250258998,-0.0052531372944226145,0.01487534388262277,0.004596620585219464,0.07937118090692054,0.06341885548813596,0.06398643280921958,-0.0057521869976655295
DLL1,-0.03497673440609038,0.024974259292828115,0.005833026057790067,-0.0051067888334583415,0.006470084113190763,0.05316321454403211,-0.017719266752275253,-0.03454136778198522
TLN1,0.028793679917666862,0.005441261609001301,0.005480335506209677,0.0100449851023086,0.0023198534024639786,-0.02459165987975199,0.03260622195633893,-0.08555995880047337
COL2A1,-0.021319596039850654,,,-0.010921719553298582,,-0.029559096113562087,0.026473288630477664,-0.027522464054947387
SHH,,,0.011807866969499667,-0.010423609374204695,-0.0009235184305490445,0.046945030097891874,0.01708301935078425,0.09300376968602397
PON2,0.0127022889979265,0.02782040838308104,-0.02820806381555647,0.05872539061925959,-0.0014325526504649242,0.0694191102414206,0.008025772951560385,0.000633441112437996
ICAM5,-0.04846771659194128,0.08018702016756193,-0.0029088595888858175,-0.02035674605599201,,0.017354758832389492,0.004739051754342661,-0.04078014354802062
HPX,-0.017135644163791427,,-0.0057832643251295255,-0.0007183089019577892,-0.024485969427824043,0.02280588078600753,-0.025941705382687804,0.019303669094811397
SFRP2,0.03023634204849617,,0.027707320378783415,-0.020448454049635748,0.01858815493311772,0.015895494995754652,-0.03947441543997355,-0.04070515715862693
CFC1,,,-0.017054210507288777,,,,,
CD70,0.011872585440334461,,0.05001229249856596,,,-0.0406254852308909,-0.03374257839776692,-0.028852745425448422
HP,-0.019015090311893728,,0.025143587902508917,0.04301634698399572,-0.06200869963248037,-0.03370265665258822,-0.02169400774574494,0.07566797444705473
CXCL2,-0.01731124008990147,0.018680886488227463,-0.007729742870421282,-0.020630828208642885,0.026951965545193645,-0.04421342725601919,0.022275608925977308,0.02356271889409979
NPPB,-0.029052408252574696,,-0.014933360292547227,-0.013413785170539268,,0.0121081955995276,-0.01993921219594194,0.09191967432324277
CCK,-0.0386127019235732,-0.02652489064167663,-0.04274989631749501,-0.05328019137771366,0.17727267833703889,0.01140162154653974,0.07001627562671155,0.007549473242120848
SEMA6A,-0.051618747936998804,0.056603333708010795,0.02464658006977526,0.06543902257827135,-0.05078616812312403,-0.023317783205909184,-0.019110754776276464,0.05928858361911895
IRAK4,0.01630243170868027,0.016502199694222452,0.03758737413296144,-0.01855155264228728,-0.018037826473015092,-0.04162824581402844,0.016719175563518037,-0.018842655456837273
GSTP1,0.029064364398279436,0.03707202415721376,0.014726643694449286,0.021004352007223552,-0.06883794110771135,0.044584100664943345,-0.05487413813048854,-0.01596029739234607
VCAM1,-0.00965045871484994,-0.002352252528774463,-0.07672098803854101,0.0474128818063714,-0.010619419993762539,-0.015187587448848527,0.0065067918797385126,0.051325382439047856
NXPH3,0.008380722644901764,-0.015145287809241147,0.04656827647102332,0.02796174235012714,0.038865105417288284,0.021294884424640805,0.004121844913561256,-0.043770544731446294
MTMR4,-0.0445272830778504,0.003393928629587496,0.03165389376360019,0.0027531044622151227,-0.006934128460768691,0.004744862537225658,-0.021216739022795052,0.014175087990352955
LAMC2,0.007042291629015113,,-0.018799434580143114,,,0.0215038866660383,0.043354518015880646,-0.036550452170921746
IL10,-0.009210949952535106,0.05594546653607328,0.011559790625735892,-0.012007244774255016,0.003169388600939882,-0.01054746910231001,0.013174348480812375,0.01507765002782438
SEMA4D,0.06301435078862873,-0.0007701020864082405,0.006189320922564478,0.05867244454718638,-0.010699958135180515,0.054772961308258795,-0.04246373389307897,0.01400596331994945
TRH,0.003484486415951501,,0.07833579866664449,-0.04054499928416301,-0.025067832936258208,-0.010127625224858806,0.0003305252551411599,0.057897916673863535
SEMA6D,0.01595516894001904,0.029375239518229873,0.019258777550132503,-0.009715783213552322,0.012295510846508411,-0.01764912345636602,-0.05224187072262859,0.015581169620133471
CEL,,,,,,0.006833783592447693,-0.00825376057661745,-0.029522090841370065
PDCD1LG2,-0.03351989559924724,0.042248917044274234,0.03352207483639813,0.012068432078150886,-0.06744372436405977,0.024229264886460874,-0.015456531236380366,0.006102864260969988
SPINT1,-0.025152787379943017,-0.02857233990111067,-0.015801672997375397,-0.01762405039079935,-0.03671717557785739,0.04520412945210752,0.003388749276300588,0.10651455400382726
CTHRC1,0.04433269239565174,-0.025458038437328263,0.01722903134253265,-0.02263811621524444,-0.035369041813527284,0.007864704079676306,-0.061122739441477995,-0.04287382229789261
PODXL,-0.03452211488527816,0.02783394819925111,0.03191108944192382,-0.027620229618483812,0.07062839885258396,-0.009333415939164296,-0.007260196943693533,-0.010613602853898906
JAM3,-0.03430241175455315,0.025656978968561794,0.04395722040475161,0.04718090450372347,0.010511126152651904,0.039867927718093096,-0.010596928102492622,-0.0053905744036338915
TGFB2,0.001666384686680409,0.008494157698577162,0.008568940636604978,0.0900599643731698,0.01854457963029115,-0.01092236332942368,-0.03862166847308524,-0.02320216451329316
COL18A1,0.018556752485431902,-0.056298855136670746,0.0018334599209413648,-0.013984936628742492,0.04186612505361081,0.020673879056554947,0.06898377333196112,-0.055618183002248536
NODAL,0.021892357281817265,-0.016345676501106098,,-0.018440918489059606,0.029783756695170974,-0.019146047609438572,-0.014808532714215372,0.014184414541060487
INHBB,-0.0331574004243311,-0.03064830671189494,-0.013508473714091054,0.01925516962124332,-0.012111915007844894,0.033736962730916684,0.04051013883241009,0.015649602012431
LCN1,-0.022803107797321222,,,,-0.03235043599855117,-0.01808102030776464,,-0.02172862928749304
ARF4,0.00479085729953083,0.004234731484697811,0.019387094196138543,0.004716331784485707,-0.021794633768585835,0.035635127160321835,-0.03998283090935821,0.02098048522549947
CXCL14,0.0267922023153831,-0.12342813230252674,0.032656091386481866,-0.026989058697644713,-0.015569911356612854,-0.03268229908977389,0.03205191975369409,-0.012225653151635192
LIF,0.015367157931437924,0.01092447445414752,0.01796573967110337,0.007634919010057854,0.04901204370216725,0.011581115975076243,0.0002675386788671881,0.06088392374236898
IL17B,,,,,-0.03861272487374151,-0.028950542350873847,-0.018423190735316466,-0.012869719226506262
MMP1,0.013263927579112792,,,,-0.01668093318562041,-0.029802057162128918,0.042391843660467325,0.007921240921814864
MATN1,-0.006435239748172709,,-0.01512091158779814,-0.010921718194142845,,-0.03198030959603974,-0.018987075875364915,-0.02613254942741108
ADAM28,-0.06197460848582485,-0.0016276706622895497,0.0015880706350038937,0.02479104017237918,-0.04127052847503519,-0.03925729143361219,0.019926704240408055,-0.015317290009472673
TCN2,-0.011106619342409063,-0.0020823740117383183,-0.00753441305863953,-0.04140451458420081,0.004415843723150418,-0.06628827394521097,0.01568294369773451,-0.007974843572770333
THPO,-0.020357879331917485,,-0.021800005741012454,-0.010921719448748125,,,-0.016470408881870038,0.0005710935235225931
CUBN,0.005279142748088993,-0.03937184312333956,0.0116368395709096,0.001611790532976136,0.024821091837572435,-0.0021133442423692276,0.028858086412245684,-0.007855529716913086
TIMP3,-0.025858597515652195,0.004630352977290908,-0.019783356226422383,-0.042669817582040435,-0.051681753401487444,0.03383268363791123,0.06821475334047267,-0.054752471955206966
PIGF,0.019723932246658627,-0.012974425335826226,0.022526277687257554,0.028111656569683414,-0.006354637222310824,0.006956201362412497,-0.01477597928959703,0.0419986065229841
CRH,0.038940159732949224,-0.020513780908031194,-0.02380384446172595,0.07316285475089802,,-0.04254436410745697,0.06031238180890952,-0.03222077624418259
BDNF,-0.01993816118938329,0.034905994848613675,0.03444299902756064,-0.0123006612010579,0.021861045426760213,-0.006526997483314672,0.021582713857209865,0.011835190408850008
CCL5,-0.014306696406869119,-0.020339084513224852,-0.03007444289903705,-0.014816625830029805,-0.03414532151271479,-0.019051125777142186,0.033403406740959145,-0.024743536322583908
GAD1,-0.024544679444610102,-0.019668003710650153,-0.05136122634765333,-0.05742592907292316,-0.03443056005491216,0.03856879993669767,0.02963289789336679,0.008005872562634997
COL14A1,-0.008528536249471275,-0.013105039236640336,-0.024199292738674473,0.0046005860858477745,-0.0882641805978087,0.016663400132706965,0.07056075734243351,0.000381383053100919
HLA-A,0.018557124786544164,-0.10039910686181842,0.015466220346663511,0.01637654845651607,-0.08287447610382202,-0.05062914342631487,0.011164082687559671,0.008211763612405894
CD5L,-0.026716552597640067,0.02373673057692304,,,,,,
FGF18,0.04887987992205592,,-0.01620265248368965,,,0.01767848511420782,-0.023053858850890237,0.017934202296533232
ADM,-0.017575468817955766,-4.2483302427690516e-05,0.007803200842948723,0.014404841951036595,0.01298415753864784,-0.0007520870378829959,-0.02029225617117265,0.039337350039292715
CCL15,-0.005413633459336269,,,,-0.0244859822383637,,,-0.018635508006810873
GNAI2,-0.01464015519048069,0.01999235865444669,0.009980317571592994,0.01325499238782886,-0.009280651850292107,-0.009699481717670015,0.0027158989271304722,0.05512488441558917
HDC,,,,,,,,-0.00856803439281274
COL11A1,-0.03219924334901457,0.030543355541490784,0.007070166368843975,-0.03290791553332795,-0.03367899270361502,0.031851868696213995,0.0377822758297069,-0.021591709147750777
NUCB2,-0.03757987371078412,-0.0637993268107563,-0.014709372767389975,-0.004123951931601784,0.009950373472198725,-0.04041403666460177,-0.01875880263928561,0.077202886606379
CXCL1,0.03304927947565159,-0.02200638107763962,0.060636326114557625,-0.014816628342063001,0.196042477579904,-0.032862467279896036,-0.0174562938834958,-0.03654840498806384
VCAN,0.00478868017506298,-0.01608703304633344,-0.016682528971155297,0.07667001974585645,-0.023551011505677805,0.08008159766470631,-0.07278859959751462,0.014830004807761163
MMP7,-0.013549930414133342,,0.11378346528393198,-0.016880630094924916,-0.049629799474358735,-0.06416719934641023,0.014088515851251338,-0.006808248201430568
PTPN6,-0.006943889524561438,0.016659259333568138,0.01798276048450866,-0.051024400962118605,0.028688315329408205,-0.02059966365752214,0.012350902052861863,0.007216017815344624
PTGS2,-0.0027990579685400418,-0.01963954074116003,0.016305512746439484,0.000994962988084855,0.21781607469400896,-0.046137283597599485,0.08266763302464002,0.04198731315811058
XCL1,0.054615983979487186,,-0.012983524537223182,,,,,
CD58,0.005344374719068647,-0.02114778254070438,0.05331099364416645,0.05749702417770629,0.015261590847793766,0.014137609708451852,0.004372821144882606,-0.031128668091103744
TNFSF14,-0.017295465230935843,-0.02295192996132042,-0.011312173924202421,,-0.031208237061261856,-0.0026694985396983274,-0.019263421033085946,-0.0035657082327040105
CNTN4,-0.003209576904614674,0.05292850280090637,-0.02076315938830466,0.05196367730848237,0.022764242485462025,-0.04289066946558646,-0.026926557104258737,0.022617868587102026
INSL3,-0.02622639730217429,,0.014553152691216657,,,0.0961870093002297,-0.019263419171929305,-0.025516237473609475
BTLA,,,,,,,,0.1800939724092767
MFNG,-0.0011009275153336022,-0.0005341037656297342,-0.004284215121454395,0.04352107601245897,-0.08329792735922856,-0.05499792350047246,0.03885800865805833,0.05133407216672032
ICAM1,-0.013509199972557475,-0.017565042438519606,0.021636650534055547,-0.02802200404967604,-0.014175774597864552,-0.028676924652039346,0.05572075069129871,0.011939783766601797
PROS1,0.014083702596227887,0.02428761592198791,-0.032701106330076925,-0.0275761436615124,-0.042400874520247524,0.022470052137356113,0.08966531656737306,-0.009507509256881388
CLCF1,0.00083431041658637,-0.015531286427078583,0.02715956354366315,0.008639735755108043,-0.06759556185971592,0.024463057555589803,0.040769558547166296,0.031286469807421974
PSAP,-0.0399103270135274,-0.06788230188308192,-0.01932002107213015,-0.042819371243912545,-0.04522283958882506,-0.0008281197658425986,0.07114315067673732,-0.044463615953597296
EFEMP1,-0.009569201417032542,0.046398807621347474,-0.006610827781266757,0.012959555426453584,0.006709736999756726,-0.04024597017293244,0.04248275260547934,-0.016169272362844513
C1QTNF1,-0.08450390979749299,-0.02755908568325282,0.06972265553596925,0.04149517094114897,-0.002293546843889605,-0.09176417400405006,-0.02929366787768169,0.044498319910529056
ALB,-0.021626978725554257,0.023516964618698667,-0.018799434098926454,0.02107689887440355,-0.010353980957886463,-0.02147005990211222,-0.00796799714969695,-0.02885275443003902
CCL13,,,,,,,-0.021607927464622628,
EFNA3,-0.025811137248988397,-0.033287776356329256,-0.005047492974439188,0.0030409868841506215,-0.03981780041435769,0.0004446359718240759,0.02986589349855708,-0.013943349246980775
DRAXIN,0.06406020114149245,0.11616163339730994,-0.01584087210010453,-0.00971679028196626,-0.03766743510759117,0.030512141428922272,-0.021935594980894653,0.006382486642265197
RAET1L,-0.02043061820620031,,,,,0.026372543661136262,-0.023403258171290763,
NPTX2,-0.027247040286803442,-0.055687445236371785,0.028593966449746763,0.024904649400867132,-0.0497193649454973,-0.006699681199024602,-0.05607478436386607,0.0024144045415676737
FGF11,-0.0484620850553421,-0.02338301491485938,-0.0011267386840457668,-0.05131421144088251,0.03449927483799372,0.0008652552165420933,0.03807923285667318,0.044926832866516005
CD59,-0.005680374019565117,0.01694863641629617,-0.023415998787160133,-0.0532804854825959,-0.07662750754842144,-0.0411955228935469,0.0520479179668137,-0.07088762790496979
COL9A2,0.01908841696915092,0.02048887318884227,-0.00025027983638727216,0.013069930660835893,-0.045368115863291654,0.05902431206765905,-0.04930824418165707,0.01689311405250942
DLL3,0.025005291971347238,0.06652705650796871,-0.03507665936356973,-0.023803193099358626,0.024451596599172214,0.03324410843834879,0.012947720933563845,0.037666241342220214
FGF5,,,,,,,,0.046808368324199504
LIN7C,0.027903393944376718,0.023153842275272053,0.0069303451734108795,0.0033260462052848603,-0.06309005895853326,-0.025963648686386388,-0.009253320973520246,0.023039756330991614
GDF7,0.006144513174451528,-0.019279544967347396,0.0110766133956106,,,-0.015499921030898374,0.0313729416263121,-0.036397692249015665
PSPN,-0.03013952348826946,-0.015549404407695058,-0.023419646915953593,0.08722852243094531,-0.07893682849929987,-0.00554953870020612,0.00704605780658253,0.05298587123485304
ANGPT1,0.008656592063938859,-0.059856470666169295,-0.0477799414041532,-0.017308935879806548,-0.007342737706999733,0.013853486382246795,0.0954963430365384,0.01894956165452682
PNOC,-0.02177095066751383,-0.02392658259727598,-0.006311773755937644,-0.02161042477254151,,-0.016482684203648325,-0.018565611562131525,-0.02633512584474879
L1CAM,0.002888334404132309,0.029732470309119168,-0.003419182329444317,-0.05206628686941797,0.005428731671484604,-0.0247261882150059,0.003418465939294372,-0.005696247944252524
APOA1,0.02023010884809198,0.04910077289607918,-0.02242309041253507,-0.022590182722658104,-0.00037662573316950645,-0.006403411176790287,0.01930547168395638,0.04223800505835208
PSEN1,-0.04246496542401987,-0.0168660108963082,-0.03517232678827094,0.058605136124977364,-0.03564163420949712,0.041398523423795026,-0.06301327934640644,-0.04177181167545323
CALM2,-0.018054757001160788,-0.002891336982219638,-0.009234411815375562,-0.004010240463862513,0.025478223890561907,0.007912065531835656,-0.02608731909306436,-0.0052272785163270065
CLEC2B,-0.0359184626784755,0.02414584841923897,0.009847043870081586,-0.012679147887515119,0.06705094642484108,0.010629413317031981,0.05360119600458419,-0.051294809155529544
NTNG1,-0.015682254270687302,-0.04370356814393007,0.03936286777225919,0.011767469255726004,-0.005002841389221372,0.027269827031520075,0.011442209615132735,-0.02781756582229934
LRIG1,0.058313868202607706,0.007233933791354136,-0.025693465841493096,0.026149995685811406,0.06012160997187821,0.046919657742447524,-0.009254340155838236,-2.8406542966510815e-05
CPAMD8,-0.023823286584419484,,-0.019100661851954727,-0.02017226890235503,0.08821964478178865,0.1453082736110764,,-0.0267361147196163
GHRL,0.06740003181748232,-0.011064398159697134,-0.024278538171142915,-0.013939070772350145,0.09072534252691228,,-0.016939368691409967,0.009538522911639131
NPY,0.010117545161080616,-0.02443351888536749,0.0034783631194106775,0.012973874538153008,0.06890349905561041,0.012893413226776422,-0.06070868994906185,-0.0068436784361207426
MMP2,-0.006933952947388043,0.006664726530266807,-0.024575203025875538,-0.020131636283741997,0.010022582603900208,-0.06814305591498496,-0.03818419888991961,-0.027877336548514105
PPY,-0.014871533852080909,,-0.013959476351898063,,,0.0054814019900304165,-0.012386356317112842,-0.016948928879852714
ALKAL2,-0.020405473289438765,-0.015474993601786509,0.025200776002105952,0.003041599260708288,0.1462352864346236,-0.025764001384653495,-0.011782606614887167,0.003822016589938556
CSF1,-0.05018508492377507,0.04468671709526225,0.004586565950293737,0.013418446097495856,0.02854546799797542,-0.07191763255045966,0.006827236884726819,-0.00506474459311661
SEMA4C,-0.02274074568901784,0.022821244384502153,0.058247256942249796,-0.01622152316808941,0.010417048781954825,-0.003478952718938414,0.04785461574554572,0.047162581751340193
BMP8A,,,,,,,,-0.022902196651368903
ICAM2,-0.02056101979406114,-0.04282427772402349,0.0078078079220710375,-0.03568999578732981,0.0007218608010110434,-0.012374070501783054,-0.0187020100407838,-0.03650874556192144
SYTL3,0.006494236942020074,0.008781633357104775,0.017691366105986744,-0.02396019474186273,-0.045044706944556354,-0.03154671520894321,0.010098731694799657,0.06050391404598658
IL1A,0.010130902307316704,0.01127104266448428,0.026942103215758646,-0.020991518572248413,-0.04405268050500762,-0.030701234658903825,-0.024978558746240758,0.06040888173564884
HLA-G,0.03889263090961886,,,,,0.002841784271082743,0.02689518165901198,
PGF,0.0036203740625006193,-0.02125872156352064,0.036496848644489585,-0.025954090854430668,0.05954382176747534,0.0033061085775586553,-0.04354302502189,0.013033059286067019
LGALS8,-0.008246366196817198,-0.013420346888367915,0.09458053592079273,-0.021531533932706112,-0.03459434832394579,-0.06610220724704258,-0.009150590575263502,0.0065477059768703685
DKK3,0.008466413703509089,-0.07383856814850903,0.023211049885207422,-0.05314313871652822,0.02332680400358791,0.03296571817312349,0.027040299130882354,-0.04880483366761388
COL16A1,-0.031681114688708344,0.018619304544880828,0.012210003250565976,0.09440597764809777,0.0002071509913910197,0.07719891580513581,0.04950727943713131,-0.017991808739090627
TPH1,0.006004363945223886,,0.06238098611156783,-0.013143811228966342,,0.025233831638391494,0.034677156746868096,-0.01562658114252424
TNC,0.0008029077467824682,0.041156860337436325,0.016445215689348255,0.02463108404468678,-0.04967246764868086,-0.1087585786241168,0.061772399380839636,0.026297415236229575
TNFSF9,-0.006163008255615272,-0.025877717213105497,-0.01134738113284119,0.00803917411148763,,-0.0389391019969751,-0.024201742753783884,-0.036244411221234445
C4A,,-0.01524991255151381,-0.01654825902590744,0.1028882929941473,,,-0.015825196243546166,0.024118843837521456
CNTN2,-0.062243501159289255,0.02433855145186921,0.027142156587202468,0.06354578642093493,-0.0019894327545906094,0.06551409312838855,-0.0016446484519246193,0.036710980488495804
F7,-0.022519558262387687,,,,,,-0.015660036905264466,
LUM,0.04385309929445394,-0.022483678600263214,-0.023937129151344737,-0.0371198418283329,0.058510939042716585,0.015208449171821408,0.007988649166497974,-0.04991581405981238
BTC,-0.020430609696191204,0.12496767533904289,,,,-0.02641341674402534,-0.01515451996615701,0.02433105011116295
APOC1,0.05984864038096387,-0.05155416525950568,0.014088466402575658,0.0024705175554299106,0.004112993992486154,-0.04141470559340973,0.05273253092178406,0.020134907241878646
PKM,-0.07423396249620448,0.011296260514511406,0.02489962629543351,0.025642737424475096,-0.07664395019225981,-0.05033259258576875,0.036937899490463,0.022883706745842707
TNF,0.005151198914532898,0.00798466866657786,0.008670443340892927,0.025723439834183955,0.033566995083772755,-0.018081013389820176,,0.04306873879422305
GNAS,-0.022010780164288257,-0.006060006962247943,-0.021708822378528458,0.0520381383516447,0.024402902244812046,0.035522386052396694,0.017747619571720545,-0.012529466426357204
BMP8B,0.021753336008379264,-0.00832923709190292,0.005525625751250891,-0.00830139038572272,-0.046694377446586194,0.01665739563151746,0.0791329844891715,0.03833030544599228
LIPH,0.007339206238067401,,-0.013342420514500916,,,0.06163650521106547,0.08305824393654905,-0.0021813366678825837
CCL28,0.013124516130098424,,0.15822192412766622,-0.010423613273664846,,,,-0.01778360522164857
PTPN11,0.006402361725801556,-0.03366624720386619,0.0033305541893685615,0.012561877705174456,-0.07566885964717014,-0.02911069650538912,-0.007480269173264303,0.053747059135222625
ADAM12,0.01769660322723583,-0.018159698595450673,0.027016046269324596,0.0018046320925551099,-0.026814384764647564,-0.03299089524057084,0.01255134759235721,-0.03487946660084408
EPO,0.013095334606486231,,-0.013959476961231962,-0.013143813159179535,,-0.020936423987165095,-0.014982459556252964,-0.018911386194751783
EDN3,-0.022311877112221407,0.08897427412752094,-0.021636500810777316,-0.013279437750018941,,0.04977834969168976,-0.010899130869549026,-0.009917422680719067
CCL22,,0.014443491042449698,-0.00824275398935156,,,-0.01914603916695006,-0.013146456033886153,-0.029223047415651297
CCL2,0.037702422475166135,0.016480508112270087,0.00875130707030552,0.051877271385411095,0.027366870653169305,-0.029312222827245663,0.01666506560982826,0.013972705575144882
DSCAM,-0.0061830775063976134,0.028481440276495677,-0.023483397283106354,-0.004624467400468958,-0.07407309986719543,0.029325377481698008,-0.015924527335034366,-0.004957960010417486
GPHA2,-0.0257275723039939,,,,,,,
ANG,-0.041773731815655954,0.028052840845691412,0.0016915227641806575,0.03850297693189429,-0.05800276115672683,-0.041683821908753825,0.04034967171691236,0.04792696279680538
FBLN2,0.03900972074767892,-0.016481908828641163,0.032825976644130166,0.013384599318025566,-0.003874544953783694,0.04331478108294077,0.011747703591002589,-0.010908263252955136
VTN,-0.04363558582583815,,-0.022933852969005023,-0.0109217173925897,-0.02224048751176551,0.0981792930357244,-0.01940026294300709,0.051920718488019
VEGFA,-0.018759714302314198,0.04208860984222859,0.03675651011844648,0.03869043221780711,-0.011512995775761316,-0.03203921225505118,0.030978661914033825,0.04578764001437963
F10,,0.00806979121505246,0.002905212866238995,,0.03567660888914064,-0.02514395284566372,0.003938508970443006,-0.007314999468737883
SERPINA1,-0.04949673544655759,-0.018108387924130397,-0.009441597009579228,0.0018349167168434358,-0.09237872616835273,-0.057497605064038455,0.05302700358359555,-0.008349085197264752
VWF,0.0015112783758586827,0.006917806812132493,0.0014670165092899913,-0.0560932202502343,0.053892873021481956,0.03981748158233336,-0.03391490550942707,-0.040829245677706454
GDNF,0.05252065297968443,,,-0.013143812135581525,,0.02767421789349787,-0.02097999050462703,
VASP,-0.004714146637105737,-0.018276825349923403,0.0390424583825839,-0.03959500014392035,0.08731500029814948,-0.00949184509151395,-0.025229087871618996,0.0017470447473025533
ADAM15,-0.03944867508123955,0.02568064663091267,-0.0028666684331807653,-0.0035628071567746743,0.019330973528857424,-0.01925172178789823,-0.014304658609107,-0.01909116433337684
WNT2,-0.005435702219029426,,,-0.012300659426816575,,0.07746005137190758,-0.01798979219576903,-0.018424264891557934
CALCB,,-0.015879921799365027,,,,-0.02546648850722623,-0.0071040286806726815,
OLFM2,-0.034229047572665795,0.028701533321179095,-0.025732402832949575,0.0751258616845754,0.039510228159321606,0.0036167660718779263,-0.0539448361824902,-0.0027578140953002863
MFAP2,0.02168645747666514,0.020936393418184943,0.0010598987548821222,-0.03076539721310897,-0.0008532630337255321,0.035559670003831076,-0.0007056459824073799,-0.02436141517595257
HLA-C,-0.03918918360270452,-0.05006195047502842,-3.338771063021257e-05,0.050164352766935566,-0.03981294740330152,-0.06551285461364052,0.032396920397922704,-0.02138123545119089
THBS1,-0.004435409172160618,-0.031587189898059684,0.01631331349208134,-0.02948374956232672,0.07708617308371991,-0.032997863274846044,0.021450705180956587,-0.02407224054140236
HSPA4,-0.018724631489594724,0.028632873084271943,-0.04486184403741756,-0.01713856486711788,0.02446068046249336,0.04306141724739571,-0.004299835312761307,0.0024133639476636667
LMAN1,-0.039354261375947386,-0.005786025315993658,0.01639012783694466,-0.004997173207302317,0.07275208292075419,-0.020420104839688653,-0.030673187769649588,-0.034628909016992046
LYPD3,-0.0352145600440319,-0.01777172777154889,-0.005586347000906754,,-0.03610991594563177,0.07666886655602485,0.04077648035290324,-0.028647667212830324
APOE,0.028574728098891736,-0.022405721220451248,-0.0075544956786472274,-0.0076122310209042815,-0.008929711820234524,0.007320489247063971,0.037149778984682205,0.016117329091190527
SOSTDC1,-0.0021483898374956693,,-0.025174754932324187,-0.019986321177059722,,0.002299469738694908,-0.04047672038132553,-0.031537469550790176
ANXA1,0.015034553892568013,-0.04045739852995139,-0.036952206747357205,-0.020034605897429024,-0.06888832336062166,0.0012592577601543795,-0.028100940955110267,0.0027158156787896095
WNT2B,-0.03963264956106636,0.02707686768549343,0.0312193012145462,0.10683281787114061,-0.0018700043996707698,-0.0077854658216666844,0.01412340106258869,-0.04954574905595162
AMH,-0.04300056564479398,0.02952567280089395,-0.020121879361561602,0.0066929225624724215,,-0.015627337707415746,-0.03682607304299061,-0.03879898517784266
GDF10,-0.026716553823342447,0.04679745721100254,-0.018799433573962875,0.03356186937777271,-0.0044229402515382505,0.020914387231586617,0.00495506422734882,-0.023975814908851575
EFNB3,-0.010135999375908308,-0.027235620692337554,0.00471021010965441,-0.06241590084449835,0.141875687102397,0.004030671271915568,-0.004332014065147826,0.03365698562113228
LTB,0.02614261615350576,-0.0058840644097109904,-0.001692255666596643,0.03014283715121222,-0.07252460642151819,0.061684614333534366,-0.031977163540479456,-0.027974197930413357
ANGPT2,0.015257460389977271,0.041880811572538985,0.0076173481615012,-0.003762115763037752,0.01710402368779948,0.0342428243576487,-0.024072773677172806,-0.022501547803738517
NRTN,,,,,,,-0.013340805193443517,
ADAM17,0.004061457034636152,-0.018058232985302524,-0.032581577665654844,-0.017504246162075923,0.050134051596643005,0.05409675659652971,0.02621173970867851,0.030342883483018442
LRPAP1,0.005945232017605941,0.03098549580467032,-0.03277761439150772,0.009430287773439305,-0.03821763515577898,0.041604734686204944,-0.03782482915210852,0.0310417827231056
NID1,-0.007709103581515014,0.0020890920856377728,-0.001625449281368939,-0.03895234247845379,0.07955679738478304,0.0317232457238509,0.04306638108140684,-0.03866771073093359
MST1,-0.06577379703397489,0.07200321035971771,0.03603649870755053,0.03641582501836787,-0.032354091404155016,0.0266370138929698,-0.001411707902283008,0.005484872453225396
IL13,,,,-0.015415196359077347,,,,
DCN,0.01852822106352655,-0.00874200419512978,-0.04923820679731346,-0.05068182619811823,0.052523741761485034,0.03405180070693144,-0.035860071459936894,-0.03559090007462585
IGFL2,,,-0.016548260776914556,,,0.11428226226896492,,0.049129640546522524
COL7A1,-0.03526219347076786,0.05646406815579137,-0.01134855391572932,0.08166516117220711,0.002321732991965413,0.009856326244170493,0.044773942717569064,0.02179080672490909
CALR,-0.016487368861927962,0.037027121301783414,0.05289223291471565,-0.016274237806025032,-0.028771159436657742,-0.06605492417146151,0.051641558491218945,-0.011414276980595852
PIGA,0.039298045894307125,0.018061423990350354,-0.00810964101381559,-0.038165936068660894,-0.022561685514949845,0.015040545239275208,-0.012951377611639628,-0.01076453596678048
CD200,-0.0060194005081210126,0.07243887210946973,0.005933165297705204,-0.02958045484379886,-0.055715325579786514,-0.028119101477225017,0.0062477165700915195,-0.008968301287868314
GRP,-0.034646295089414074,-0.01697075071026572,-0.025693177263057376,-0.013279439748673377,-0.0383682268931577,-0.019556954045698134,-0.014632682737729802,0.04991982887216093
CDH1,-0.013216120382238232,0.06732848249251838,0.013353971206097949,-0.021610430773907573,0.009481207102964316,0.04955794588390666,-0.05085950038529171,0.018822702525339585
LPL,0.011302655968740659,-0.003512200065437914,0.010076752571208552,0.0319681197819774,0.01791510510457496,0.07994599038280935,0.060743666934667234,-0.01531322762162833
SEMA5A,-0.014886992038514808,0.054235329277701264,0.005348414979460823,-0.006148735506905867,-0.03166818484182676,0.06651395509479144,-0.0011847687150014865,0.001938189211456034
SEMA7A,0.00808828184909111,0.021244877264816803,0.027440164158982986,-0.028598145534104773,0.03828142752191517,0.0825772244909033,0.0490600023328203,-0.02401134944593518
SEMA4G,-0.01465514015237155,-0.015900404849806666,-0.029077528104448882,-0.03447116452455272,0.01819209796208253,-0.04834346637877519,0.08790601573171353,0.00964520695265757
SEMA3B,-0.02126537116944052,0.002034396058833875,0.012659310451558757,0.09446849065358397,0.01541342867693702,0.07794346058076691,0.10435590004771873,-0.01616982908559674
RPH3A,-0.010913804801846689,-0.007490790776506401,0.044205493298076985,-0.01581373252643211,0.0037158147565231,0.08613433757411307,-0.04498747317642573,0.04657930776273844
JAG2,-0.009945056484674503,-0.014346935885934303,0.008260915278120768,0.058334689660173744,0.014294589643491925,0.02049295506073382,0.01797149297882799,0.03263647618094181
CGN,-0.05880153165219802,0.004777608068135765,0.007438799126799378,-0.02173673836685217,0.08643682640192622,0.056075916217457465,0.11156099470652008,0.008350889754723454
GDF15,-0.02993322581337191,-0.026564158498095534,0.020959418971412208,0.011153694024655146,0.023310898939063213,-0.025848924922262623,0.036734090401780425,-0.010343628668972819
SEMA4F,0.008484386877127756,-0.01384598599069349,0.0022874295709257504,-0.0021973908743752966,-0.06413850978571219,0.020066922086851853,-0.02172615567312741,0.05764407728371591
NXPH1,0.014971800108957064,-0.006820530551328742,-0.04569799777156264,0.05575048399582869,-0.0886665286640144,0.042789091097654545,-0.05516112291679908,0.02635676854167113
ARF1,0.058268594957976254,0.007228321954341648,0.025487864447333045,-0.005923041168538498,-0.08275250762231026,0.0012537812077442056,-0.0437953547706155,0.0276946029580392
DSC3,0.04947996558604086,,,,,,,-0.0189113919351049
EBI3,-0.06213749082940155,0.019002995028911084,0.03833844555591881,-0.025132831352095087,-0.016126763615328072,-0.009208969915855236,0.002761220695366475,0.02909294888659796
TIMP1,0.04700443064610948,-0.05091938337899609,0.020404070804229568,0.010148338962087926,-0.024129217347783265,-0.04550613971319647,0.05633339104083157,-0.04347586752333624
SEMA3C,0.055849487841270175,0.011750990313244596,-0.023805800981565355,-0.0014824214150944487,0.002717889484648165,0.005009531044178496,-0.005335417217853654,-0.009026559161403377
GNRH2,,,,,,,,-0.02049307056244604
GAS6,0.005424690899910971,-0.051001379503731306,-0.013720633023575055,0.051006187172682516,0.055236809163519265,-0.02525437851502442,-0.013052726621309761,-0.0448180809419488
MEPE,-0.045094359135820536,,-0.03611441405444953,-0.024350637633793273,0.08701999683323024,-0.02980205566913725,-0.02258078909925836,0.006065791369461835
SERPINE1,0.03883843001400338,-0.013106951659370703,0.04242684967589444,-0.07419943544513362,-0.0563568114925618,-0.033193228586288065,0.06398133598172094,0.024947743378791857
RSPO2,-0.011830356488459579,0.023207711444243447,0.013126911221536287,-0.02879295272881379,,0.015206963260755222,-0.03041756083330385,-0.02146053346383277
SHBG,-0.025219557824877545,-0.025598611919073363,-0.01796183505599848,-0.010592140265411333,-0.0244859822383637,0.050086285499497556,-0.003309138346246977,0.01423706428984108
LGALS3BP,-0.033693917155201876,-0.046118845328245596,0.02489069003738738,0.06517666771715878,-0.0542267345564576,-0.015244866829046024,0.05077742517493711,-0.033552406461816
LAMB1,0.006256158586676658,-0.015639967254860918,0.04202391686662942,-0.031931598904682,0.03945663838006343,-0.03594737857327684,0.03836173607812229,-0.01627976011219582
SPTBN2,0.05002423162091774,0.006949405171921893,-0.054985941906621975,-0.06367972701825797,-0.02051433966496202,-0.020034890181196703,-0.00970471245120644,0.004933639678705225
COL1A2,0.012776404093548488,-0.05113113897131057,-0.044411478740616205,-0.03934806375500817,0.04628910547389762,-0.009206460989154097,0.010790458257921734,-0.05686622111632514
DEFB1,,0.02737692597976904,-0.014743525763410136,,,,,-0.00033879517895060805
CEACAM16,,,,0.017478123012765606,,,,
SCT,,,0.06698147002574166,,,,,
WNT11,0.024942554014646023,,,,,0.02602656541021906,-0.031433383548048775,-0.025097784578485643
LGALS1,0.020800776327210103,-0.020809878940750082,-0.006143350221199546,-0.0391562846068089,-0.04800850984807856,-0.04145384115220583,-0.033392998922941085,-0.019438714646520378
BCAN,0.012731521109851977,0.07396968432157937,-0.028154689541091224,0.023204927639535553,-0.02486704642487775,0.07435433264978995,-0.05175610129343919,0.00812206241173818
ANOS1,0.028118771808821552,0.014183848148369838,0.011596306631618892,-0.005742529392451555,-0.010540717191527224,-0.032511571481774235,0.020068429157847945,0.012945661359205031
EDA,-0.020430616696359212,-0.020305328521568224,0.004575194120948921,-0.023138053013421565,-0.012071299654354752,0.02012119168705847,-0.030041713875272588,0.014797149614692013
FGF22,-0.01745053505043565,-0.02068451227551529,,-0.024032118710820352,,0.0007012202478077492,-0.02246119087665468,-0.012011320364676496
SHANK1,0.05974948475419073,-0.01676485163554494,-0.019835081670106253,-0.014816623501166833,,-0.025143950205628707,0.000396683246124252,-0.033715198793198224
NPVF,,,,,,-0.017860910974451093,,
RAET1G,,,,,,,,0.010652282908976888
TGFB1,0.022907231688203113,0.12621558110628653,0.0132611417262543,0.007529505578719405,0.009569815955882388,-0.07512824872194133,-0.03101024874813534,-0.045230935028646155
MSTN,-0.061040100906321594,-0.02342937751463961,0.04275405863157483,0.03456955935201838,-0.023758964767713817,0.06511810847201846,-0.00676276003060789,-0.02746115689801058
WNT4,-0.018803675589807164,-0.01963953950570149,0.031708184135370986,-0.014694229684430165,-0.029118878791776232,-0.002750423024290187,0.07445663883890109,-0.029652260442923465
TNFSF4,-0.0015211907826646713,-0.024599685328841377,-0.004204169159710393,-0.006596447342165407,-0.03373248304492898,0.041921374680802065,0.13793032624306395,0.004840664655931343
NTN1,-0.008727473997151694,0.06967948256113668,-0.014190726864347672,0.04513801495901069,0.0016815947994451802,0.03628482820377694,-0.002769557812876051,-0.00645239781317964
CXCL12,0.018340532332423894,-0.05391311318099209,0.07886842751233591,-0.03116239025305747,0.012815563613155116,-0.015770095212860227,-0.01976701007426187,-0.03690914261615683
GNRH1,-0.020276445364649606,0.021522320874611024,-0.022192806341799803,0.027143181469675023,0.04199804484028335,0.08028841202194838,-0.021106892685965162,0.022302738514614964
FGF8,,,,,,0.05642648691159372,-0.02699267401318773,
RIMS1,-0.028752203431791582,-0.024199623735319746,-0.003921201144957963,-0.02145390698988602,-0.033185380579905784,-0.05373458145724909,-0.018049220973524176,-0.040780143502868946
FGF14,-0.03381781434532372,0.048130122687279765,0.021321587301366022,-0.02937578916327552,-0.019405908981151906,0.013164185906070344,0.0017776336737076069,0.056016903537402
IGF1,0.015716651485280144,0.037908937004739136,-0.004470252788121125,-0.023466360980054644,0.05576195385338181,-0.004095690196567839,-0.02412415005651543,-0.03484711833430677
TNFSF10,0.015257235900586774,-0.04032515939408417,0.030797527926641644,0.009668859690425082,0.0050443766324495,0.012115078275698498,0.03632135272528159,0.05396604206054274
GDF5,-0.01714178507834277,,,-0.010758137237359022,,-0.0381371403676308,0.024660100721539267,-0.05454607724867383
CHAD,,,,,,-0.013971458010614331,-0.0028873373611301954,
RGMA,-0.0034079738593402412,0.0001456196576535295,-0.00519647002667926,0.03904623839728976,0.05586553787872879,-0.010275033664262747,-0.007164498059438474,0.03832664110102355
WNT16,0.014148277154774324,0.06827751518079611,-0.011531332291365576,,,,-0.013340803432593416,0.013798925587927903
CX3CL1,-0.04210951890622048,-0.032025352607430106,-0.03171977255006702,-0.0678446030503778,0.0035844273079454593,0.005231206340005731,0.07271702771871542,0.03240020675030341
FGF1,0.03448518677572647,8.942500458123636e-05,-0.028011417519389174,0.012126904225886378,0.002629875393961893,0.0023121614355731683,0.05224305868606611,0.004561870794432984
ALOX5AP,0.023326955363558364,-0.04438556009298101,-0.022236818616047573,-0.031141822609380233,-0.0122597119607072,-0.05783420810811131,0.007622425741993534,-0.026418440879712166
IL1RN,0.014087145113190843,-0.03285381792123954,-0.005061048379574593,-0.011553906832847093,,-0.03412086708789826,0.0028032444983045034,0.053545715968211796
PCSK9,,,,,,0.0025214777359414985,-0.012949333759036381,
NPW,,,0.04140650235827672,-0.01286853664980843,-0.030327872877387464,-0.016313156225598435,0.039018611380875486,0.04969893526978886
CXCL9,0.009214454202385449,-0.024160331861532477,-0.006560369841666309,,-0.01812466033107653,,,0.013417463642448318
ANGPTL4,0.030848291486797973,-0.026174266014674052,-0.04823722710346582,-0.0022877729653853177,0.054921460071476275,-4.1402657160085065e-05,0.045059673879029094,-0.021242011648481177
UCN2,,,-0.021233267628273104,,,-0.03289612072580798,-0.014632682737729802,
OBP2A,,,,,0.07273873108662744,,,-0.021242436430504025
COL4A3,-0.02816488796850961,-0.019227710651440775,-0.02746748384589645,-0.014570884213356691,,0.06754553884304364,-0.020465466563696612,0.05370909632596768
NRG3,0.007415938054267425,-0.042709691770948355,0.012438035690855902,-0.030254184885768556,0.06100839240892347,0.015731075033112784,0.043849469501318315,-0.03347314918176191
IL23A,0.127791143948252,-0.003956524804096506,,0.0017692742651686493,-0.026223795774595132,0.05885092399880727,,-0.030665152137482703
COLQ,0.010885037416249724,0.12422365960961296,-0.008635951924481564,0.016889547535787912,-0.03263074990422347,0.069474157181551,-0.026261832435717208,0.023100263667719396
SCGB1A1,,-0.01547499298287922,,,,0.04411010147928227,0.010135313051526939,
TNFSF12,-0.029261207655896463,0.01738507807371036,0.016326732962875824,-0.0015374413902130722,-0.06715962762339314,0.00037439125021951147,0.06005760788883507,0.006931951496260947
DKK2,0.08082992985355504,-0.0181596936197208,-0.02176939373220566,,,,-0.017245469256784426,0.039139179799169095
FYN,-0.01833271294931818,0.031159830421587046,0.03801745110831926,-0.011690611951298592,-0.05799814192158979,0.03415513960771351,-0.005333428555698907,0.030591247173266164
ACE,-0.014666993706340727,-0.009216619670792828,0.015911840830114855,-0.03937747414111268,0.03459124028094516,-0.02780230343720679,-0.014346024320508693,-0.029176033991240323
IL18,-0.003724997105140528,-0.031032250332466798,-0.026823835190174356,-0.01835671953450628,-0.007051928025071643,-0.009478155499492491,0.029928180401856987,-0.0031279034649692606
PPBP,,,,,,-0.022417693099639223,,
CCL27,-0.020430616833617472,,0.008446830073196977,-0.019451459259480854,-0.026223795086133282,0.022772455636009603,-0.014580230385485745,-0.047128326823954445
SERPING1,0.007509443103624237,-0.06738900096940593,-0.02433227812969838,-0.04097347685317518,-0.04998229745386851,-0.02399528831757947,-0.010238654212676388,-0.023630414315780373
AZGP1,-0.011201001026299062,-0.031059809701053386,0.03890219060848541,0.04646997023136195,-0.08599048682537741,0.014887955115242765,0.06102839734214262,0.038817324509953996
INHA,0.054589074886597956,-0.023713690109857508,-0.008871540610323882,0.08936642856074617,,-0.028356062923088815,0.03444191601496091,-0.04133685843445225
SEMA3G,-0.01538809248780996,-0.030667876289071326,0.009476883840189692,-0.01644233596388982,0.07435314147336879,,0.08274625998643034,-0.016903062954928067
OXT,,,,,,,-0.012546249352765361,
COL6A1,0.03516071111421184,0.03573968729376107,0.00504381207583854,-0.021906421492979836,0.020179461194518376,-0.02861236234901501,0.02701003940596848,-0.06724670704987266
FGF17,-0.009465109743030619,0.02175821941391574,-0.030847724811169677,-0.015297196467629772,,0.04073804288129915,0.014096048266471132,-0.020237526722947884
TNFSF8,,-0.015021602864128587,0.014148151481564055,,-0.032068115528734724,-0.020744508173573966,-0.013340805193443517,-0.037223432679588914
FGF20,-0.0405466921763955,0.0030065934097967912,0.018095243231889508,-0.014067537641629213,-0.022628830257229452,0.03163797202886857,0.0006238024726890469,0.014606607195760027
ICAM3,0.0477736764196044,0.0270080897567052,0.03227802015495822,0.08245705124056031,0.05186688544290361,0.00724986295141929,-0.016690264571457426,-0.012735617413132028
LAMA4,-0.02155792858063908,-0.0077171212119838415,-0.023944353175228073,-0.040489776843272485,0.09928214434413345,0.0017501951986892868,-0.0012639828269334673,0.0015791678895705097
DLL4,0.0288225402478755,-0.001697553331514088,-0.0017953362969869943,0.059168573229575645,-0.00963081487769295,-0.03132990451803603,-0.06552981692188824,-0.007669535933286919
SEMA3A,0.0027442077442581215,-0.0036089671355779168,0.06100721613876016,-0.022889301168710796,0.028681727538786263,0.05076358389254981,0.054011361024297065,-0.018475402030148174
RLN2,,0.023397256541936525,-0.017707540313322744,-0.011082992246103223,,,-0.01463268112416783,-0.023356376328152708
C5,-0.07487340913483188,0.051169925836616864,0.08544896082820946,-0.019073111594808224,0.006116241890531311,0.05829299721605881,-0.049951240499803734,0.06244359090234104
COMP,,,,,,,,-0.028852753649640836
EDN2,-0.0230833587510672,,-0.021502854897305124,-0.017614632181699418,,,,
C1QA,-0.0023242105037763333,-0.058861581043167716,-0.004453335843003679,0.02011831502369956,-0.0381507195673988,-0.005256955317671698,0.04639606910936122,-0.05618129131603563
UTS2B,0.0585704374902833,-0.018350787559295964,-0.015306264403518698,,,,,0.007921988899476852
COL9A3,-0.03418522450403798,-0.026278944614789503,-0.010385241236014073,0.03405727067166219,-0.07282597540043327,0.048256315251360746,-0.05729317951265046,0.05641580358688756
DLK1,,,-0.007277443407197089,,0.006170950581897589,,,
HGF,-0.009694675328588465,-0.007092716794661011,0.03777533452658781,-0.016880628932819795,-0.06742209793263786,0.007090896536794158,0.03639404230635619,0.02883041164578866
P4HB,-0.00457091247195428,0.02034849171195834,0.02319492327600859,-0.02974083111529854,-0.008584341113824074,-0.029536359103726786,0.008681428049059595,-0.010386790321566846
ADCYAP1,-0.031077015829540706,-0.022796816305316128,-0.029352158857297785,-0.016331103101034628,0.06260720384631237,-0.009667569639494658,0.044191416299515264,0.02611604901370205
GREM1,0.01061283363217261,0.00474510396505345,0.0191166501542642,-0.018396237869664035,0.040768415067431306,-0.00790321949790083,-0.04924567155823194,0.009041844221780343
EGF,0.051816811627706044,-0.01554192182194231,-0.05119373878303742,0.014412810038023749,-0.02375895047478977,-0.01808101743099469,-0.01842319047449154,0.08838643434122484
VEGFB,-0.03475667644433323,-0.003787996840444518,0.05557665216735244,0.02798862308491979,-0.022127092436789102,0.014803937610315683,0.029325287201194376,-0.0023015503694302766
FARP2,0.029249671724256396,-0.00409726481510049,0.031085786112503504,-0.04592842366699337,0.010019992387126383,0.0534132660361105,0.006371548915802934,0.08055042287834535
IHH,,,,,,-0.02205584384345124,0.062000205912831924,
LAMA2,0.004987784861196175,-0.02221405632737734,-0.0015300425816697067,0.05213970336828536,-0.021939677109873088,-0.032156890829606447,0.024747518985797915,-0.050925184590829224
SERPINC1,,,0.0513852242734813,,,0.004030421383764802,-0.01427485120800288,
NRG1,-0.009002797961504582,-0.0007639467447328693,0.012681015636165173,-0.006848363420100637,-0.02338776851682046,-0.016170635101033472,0.10245430670974232,0.03594188106138539
SPINK1,0.022296090791636382,,,-0.011082992246103223,,-0.014275365166169587,-0.01754666472147285,0.04832795448133048
EFEMP2,-0.0013851095595723893,-0.047694282925426816,0.023923696676916056,0.040013470943213385,-0.09650948149641725,-0.04337004361096368,-0.017777730190764115,0.014486744232238396
SELPLG,-0.016723793729052264,-0.0018666335574707093,0.051724898122592296,0.03631285568668875,0.04319431442065111,-0.03611184274265493,-0.0008937494346642697,-0.022314996815682515
GDF6,0.05043201440732667,,,,,0.02369459884755916,-0.022500609277074264,
HLA-E,-0.019944350620874254,-0.006337664796261382,-0.049516689778128994,0.00814331954919191,-0.013082903464382746,-0.0369524054495272,0.02487554915601632,0.008000540501211123
PTN,0.025710239311158997,0.060369183522847945,-0.006325783841191887,0.03739441197702702,-0.03274501331869951,-0.026378609720943903,-0.03049319861420924,0.02643561808245545
CD274,0.03051625185441582,-0.03679885404324687,0.04441653262126066,-0.01823973723798335,0.027462302415475977,0.007156189337521791,0.04835048980525954,0.01358066434778254
CD14,-0.0312039780556671,-0.03600706646852183,0.019477739666529225,0.01929544701861676,-0.030873918071562298,-0.04140859960523148,0.04720661887591883,-0.025655303282930808
SFTPD,-0.037245890778716,-0.0001547754667799534,-0.02810770929465628,0.05471195624664658,-0.03002955687178458,0.008026450485079233,-0.029267694126174044,0.021641076619694423
SLIT1,0.004933935097367265,0.05170790808132393,-0.017462584483333102,-0.07258909626491716,-0.0005493934128091448,0.02163269758714069,-0.036462315554605114,0.005489948235110248
CNTF,,,-0.01395947562650067,0.0400796628668009,,,-0.014632682737729802,
BST1,-0.010426529726811825,-0.03475058698269995,0.03938084422508146,-0.026790083517371582,0.0014216154277530656,0.019109580888717923,0.001510956129494218,0.03561344738595401
AGTRAP,-0.08307173958316783,0.007230886679534397,0.029842654689882824,0.0524937621920975,0.027467821544331254,0.004423301628823829,-0.035297261288440344,-0.022441235498927174
LAMC1,-0.015570090998856473,-0.03998722142125131,0.06130046289933743,-0.030847375886006924,0.06775962373360372,-0.04794460457643445,0.027487810097546812,-0.007211278070914293
COL6A3,0.061199119996492676,-0.009728900597432817,-0.0289424014742642,-0.024701740278604476,0.025873643571968266,-0.04132453990243848,-0.04464381494771226,-0.03241367978033537
FN1,-0.005419343213763898,0.036089288274106325,-0.020983021479957925,-0.07074133154292313,0.0667285104947545,-0.04982322004243963,-0.0317046385919566,-0.03858984045834044
MIF,0.017090006580369153,-0.0028688279422619234,0.03404746503020731,-0.014027202161544338,-0.07228814712994197,-0.015318077133107906,0.02308099891393461,0.06540255140682538
JAG1,-0.02535144036802344,-0.0009308877871295729,0.017133148261268938,-0.011203771439865114,0.06151020612431819,0.06426042238510526,0.005609739891327852,-0.020883282203422955
NID2,-0.03412511596524148,-0.02815160539281612,-0.029036691932082304,0.018485165299765655,0.038909891775448444,0.045799767480212174,0.018723773800371015,-0.03386505637055403
EFNB1,-0.04368448420092185,-0.02160004717100995,-0.03699377791945816,-0.032040410763546016,-0.010728765450814613,-0.03616358349833037,0.013510042971497528,0.03846662960093446
COL4A2,-0.014563066323193308,0.007603075837011083,0.03178574088117457,-0.04227493055831636,0.011341556682330447,-0.014056390638663627,-0.014675768944830166,-0.05849763035402702
SPP1,-0.010128810000403637,-0.052422026795608485,0.020746843409213303,-0.015260842025677838,-0.03841381851010378,-0.11790453660715063,0.021308699352037115,0.05552723702604067
PODXL2,0.04643883350070613,-0.03416475739788541,-0.01733665421281131,-0.007821683981334268,0.015367663318720502,0.021842795643137836,0.04013046564002706,0.04305911757619342
FGF9,-0.020812026861827024,-0.0025062636743032798,-0.023783853418069135,-0.024032109306258893,,0.013576169659108912,-0.028794123733251062,-0.0330580087370859
ITIH2,-0.011513143997364216,,,0.0007062035931341419,,-0.0209164965265816,0.0017764016769563297,-0.023598734512748167
ADAM10,-0.014597641204042642,0.04884482869242908,0.021928855852201435,0.0809383500570387,0.025693351424128652,-0.007477366806850476,-0.008978821798096214,-0.0004242107356243032
CFH,0.01115149600136739,0.020197633630106532,-0.028155997808345115,0.011475232899183655,0.08912924449587901,0.018072585460082648,-0.020223036368793103,-0.011296051265481926
COL4A5,0.01858925699354456,0.01172619456099588,0.0436582186549629,0.02029790465493796,-0.03585633545905063,-0.001997893594459955,-0.04441933227583621,0.011877016799252668
LTBP3,-0.04195309903752873,0.037424077114968604,-0.007183414043430056,-0.008851759513628262,0.029700089666974867,0.03504610487261634,0.0228453609259506,-0.020390155445313522
GNB3,-0.006977105015101185,-0.018277676177046766,-0.0271086852913411,0.041250653719112726,0.06954089709776941,0.0023094284323069993,0.04625647845602753,0.02807500278249545
COL6A2,-0.028119400173608082,0.014357710098449916,0.02235937680521026,-0.03245354362838718,0.04781987618827634,0.029933346323207682,0.013918936832779024,-0.07287335127226476
PLG,,,,0.07249547698926673,,,,
GDF9,-0.01672386493512652,-0.04034608199085838,0.03850801761338284,-0.03897771797288197,-0.03062374564000465,0.02172607607523605,-0.007906914139680987,-0.012138966359967642
NCAM1,0.013922477244980379,0.016434995927450312,0.0221367769352604,0.07054536097742586,-0.030835923135592854,6.318384844698031e-06,0.05554138091848662,0.042840094897771776
APOC2,-0.032304081642025015,0.032921391659065845,-0.017984024736211763,-0.005963005671298338,0.044575272694106195,-0.014195383175447699,0.01148975817909575,0.01983907913539906
BST2,-0.009480247691368376,-0.04789864164992398,0.00426612086304838,0.035576514431741216,-0.0504096562718641,-0.044167073285510505,-0.0067963774625442825,-0.022325730841287424
COL5A1,-0.01775987730961491,0.010132719744975734,0.05582452855433985,-0.034711168857863836,0.015511087509916498,-0.031686286694687885,-0.0011886722630282554,-0.049465067160541595
CALM3,0.0060663052353399196,-0.01323160582714873,0.0017176146904936739,-0.011860875056648427,-0.007784141154580853,0.044101487639381313,0.049925798067456534,-0.045915556064236834
THBS2,-0.024543921756787452,0.009489120992794135,0.00926044781961789,0.02839243692564,-0.03096126882338917,0.06143990100629314,0.007824677496220766,-0.016112723180629118
SERPINE2,-0.04765405562710661,-0.013791069030623892,0.05272410113453783,0.05641269969120531,0.10959588429290534,0.00874640859626189,0.07598115829226387,0.04020774287870213
EFNB2,-0.00032099067595205973,0.05452572968855369,0.008517504243958671,0.04692496624673583,-0.0016189380689706262,-0.08864529677381199,-0.030875225819467562,0.05846426833834959
PROK1,-0.03778340806599263,0.013077929647356785,-0.010245422335293538,,,-0.01996002144844103,-0.013721644809881067,
MMP9,0.02259017233327009,-0.015249911744540929,3.852192942696968e-05,-0.041041672055995564,0.041030222209659906,0.05746290123048302,-0.01145958220238309,-0.03801102702308044
DMP1,-0.027672696263885882,,,,0.08064481878349417,,,
NPPA,-0.03295705669166379,0.055577980984321936,0.011351804246595413,-0.05426781980749257,0.019948312923450378,0.02443938379493027,0.0021281247176017323,-0.025307773904166986
APOB,,0.00537170385822607,-0.018510925319372606,,,,,-0.019183510885147904
C4B,,0.07242345914818096,-0.01833894014236517,-0.019227132753486573,-0.02554134749527842,,0.07234217674780259,-0.021242442370144065
NTNG2,-0.02448758474657013,0.023411499633049913,0.007302808661656105,0.02534568695492673,0.08066629383609199,0.017012625825442867,0.00707944060061317,0.05656230476692698
LAMA1,-0.032612020549147774,0.0014105775839470232,0.009341969608916399,-0.02143513291108219,0.05395330270679902,0.033822518885239995,0.022074328290178937,-0.01591478263540157
UCN,-0.002000925724326066,-0.019634655564027978,-0.03449552050307297,0.04612560494085308,0.04038910614501707,-0.0021338035416715614,0.053295818699922254,-0.017278775935316813
ARTN,-0.03670159293233375,,-0.023310280391693115,-0.012868537604430063,,-0.03144734864728736,0.047143194427811445,-0.01381361084504664
PDGFD,0.010866696310824795,0.01993042333047896,0.007355085959800308,0.06002196048705936,-0.049790932931348515,0.01778806464672811,0.037449044538971556,0.019049687242378304
EDN1,-0.024032322654349646,0.07066921036290974,0.03268977592717842,-0.009676316137836465,0.09807397300198585,-0.0048209719067925415,-0.04022341274134005,-0.02104564704838545
ARPC5,0.019987306004768647,-0.03941920943755694,0.03352894107854482,0.01155339021820394,-0.019035547256495634,-0.02544376678155198,-0.006475495083709045,-0.03335792961745338
GSTO1,-0.0005481839422365373,-0.04069594842058428,0.007822413428508807,-0.0007766380218067697,-0.041224264430940016,-0.05846562790032561,0.020700274614847285,-0.06274929285501382
PROK2,,,,,,0.02059717140305302,,-0.017490898456204156
SYK,-0.014949362941058591,-0.0020589175882892627,-0.019100707140163164,-0.02790736605594644,0.11808356897144172,-0.0351910522463588,-0.03422422223036668,-0.006674233900063342
CD40LG,,,,,,,,0.05885372391191079
ST6GAL1,0.00956632395532838,-0.01580299729418635,-0.02486328182570367,-0.04238054611166101,-0.03283946324325076,0.01620376033581009,-0.0293571877200259,-0.00980326941390674
WNT3,-0.008741471569717406,0.04375227449271691,-0.03432520470973306,-0.05757288976476722,-0.026890780536288343,0.04022695446715068,0.026066127613800144,-0.006835626823647313
HSP90B1,-0.02849395374395064,0.0065459983364713125,0.046009467601074334,-0.004183838053762722,0.009543277369830518,-0.05423302532858643,0.03137714795989927,0.029293745230539
ZP3,0.013399296984591365,-0.023559951532687178,-0.026718844110359383,0.0442749362776461,0.03576160723737228,0.026401534266213465,-0.023975906419266686,0.014641144419613636
ANGPT4,0.009683013020675577,0.023721996343720127,,,,,,
NRG2,0.004578791774250535,-0.031936741024668765,0.0053759384566813935,0.004048887717143873,-0.02121305519220949,-0.02266266500596745,0.011779971393859046,0.10243726860777917
MELTF,0.0975674020310676,-0.025919168521828476,-0.031205478919145845,-0.025229391505068557,0.06037045315885347,0.07327834479246155,0.04895343299696298,0.016994110228943433
NLGN1,-0.04800203844423,-0.004463075286025513,-0.009022701613218559,0.01384497249046128,-0.058922579134650446,0.023040044236401654,-0.02617469169893335,-0.03380965330924628
SLIT3,-0.00279089927449268,-0.03135235713782784,0.018647914043110555,-0.03793905115205234,0.07820575779598139,-0.013682957303102207,-0.028608426340487988,0.012565550448042365
CCL8,-0.02715307501566739,0.030923692030629817,0.05400385359417796,0.18248956279662942,0.07761438398462255,0.01853671740632984,-0.0036719840356745546,-0.02476588581613811
S100A4,-0.03127019088591179,0.02605831254691965,0.004238362556013888,0.013482070119335915,-0.033330382460020264,-0.017414205299979463,-0.03346747918242948,-0.023640701542041023
TNFSF13B,-0.010585768563404334,0.0399189029144228,0.0021644629895633156,-0.03233314578106313,0.12401259454306171,0.05012898082019031,-0.020245372967301972,-0.019981750413150916
HSPG2,-0.018615804770405982,-0.03517990418832181,0.008918081399988575,-0.022731445266044183,-0.001501013268780634,0.016398454707789018,0.08081828236969633,-0.04859494629784194
FAM3C,-0.03257268764755651,0.015782172119072638,0.013116162487654974,-0.01015998641030135,-0.05303600855667524,0.010675497778748563,0.020923854935139218,0.040176489003272205
FLT3LG,0.006080397387554899,-0.035892365881395494,0.008061304437608304,0.0038608157824630376,-0.0034890730227241404,-0.03438525146837856,-0.03717136649375179,-0.004939340761720068
A2M,0.001222000569993538,-0.030376370622952273,0.006366650472265191,-0.006176492897481925,-0.016751051205055736,-0.07759351875389688,0.036042621831070557,-0.012232199704968265
VCL,-0.03919978157296396,0.04352124109752105,-0.009785313636617337,0.01607238841420508,-0.0029601024724070077,-0.006032001541558974,0.0477816279258333,-0.011389798234972437
FGF2,-0.04139591185595644,-0.041411189036741014,-1.806813364141711e-05,0.03039894943533392,-0.021929001810527225,0.04142351082871378,0.03366489943022624,-0.014030751231400256
AGRP,,,0.0002957039641858949,,-0.033185426980910475,0.08709952308572674,-0.014092733637167842,
CNTN3,0.0002395156414677915,-0.01591601431138841,-0.013392933613638832,-0.02751786830146518,,0.04957207641070895,0.042751099319300274,
RNASE2,0.03449131962117176,-0.0246243391211479,0.02040144187312348,-0.006588421062959318,-0.0028395861911966907,-0.016488158281597307,0.011570083846632863,-0.03598476931367264
ADM2,0.061158653143804635,0.01169233261126555,,,,,-0.01798979489910596,0.02166197995324175
GAL,-0.012725105185363642,-0.04592703572288843,-0.024363685346380518,-0.016988608078628654,-0.05088290029682104,-0.005879896856879083,0.0022676909387372977,-0.019452049403048687
CXCL6,-0.02308335514575981,,,,,-0.01652535924030534,-0.03143337392830945,-0.023257873752119154
PDGFC,-0.04577761529881689,0.018988980559341274,-0.0024451596706993014,0.06945687847473914,-0.003840842793293292,-0.014201179885979243,-0.05976412783583333,0.025709313473335608
COL8A2,-0.0185032509606271,-0.019493854050184025,-0.007407128976625077,-0.056059969158086635,0.019543813815209293,-0.005347096576003845,0.03436693510463679,0.027607284876863203
SPON2,0.01108399113750884,-0.03511211044440786,-0.011794427162048116,0.014311299332394683,0.071968978081431,0.033850030395572425,-0.021363953916553786,-0.030908768184215438
LCN2,,,,,,0.0068625016342355434,,
SEMA3D,-0.02194205166921683,-0.021174463452495712,-0.006372277616965291,-0.013006852767488019,0.03840158132325796,,,
BMP6,0.038323620379972514,0.06758722297908391,-0.015120910727832946,,,0.14393213523226092,0.06295349537351061,0.002527842012033138
TIMP2,0.010049275340721767,-0.01781785615570397,-0.027585742233195112,-0.027955422062753126,-0.06918548127676011,-0.03887189728522621,0.06914761795079788,-0.02228576140862852
EFNA1,-0.0033057402380300936,0.07443791307837412,-0.008195083174838847,0.01884721616297338,-0.04590314474701806,0.03374245761623016,0.01623792137763516,0.02186495360757435
S100A12,0.057656374214745856,,,,,,,-0.021486800723283548
TFPI,0.019880587756868066,0.0099145976394908,-0.04628636380784508,0.008991968257650576,-0.026430010595864098,0.03146414520890789,0.022269194899515125,-0.023487842894210593
GPC3,-0.002226730496467984,0.003748641167047267,-0.01983509099296152,,0.06422459617187105,0.0036549285396799552,0.048786224523955826,-0.031444866158328505
NMU,0.00559249751840348,,,0.05686217384161102,0.05211865425205498,0.004982718646132372,0.00011522539444306521,0.08558849317638527
SCGB3A2,0.024071343971331663,,,0.0012135565935236315,-0.020620076789949718,0.03123993237781181,0.05692202947355676,0.06633500153699605
LAMB3,-0.04426037722236728,0.005018571808340153,-0.022112599085898257,0.012337866940002603,0.027509962206479045,-0.022192711279664736,0.008312984762139593,0.05901045471813905
LGALS9,-0.03271749973197819,-0.03152812994977619,-0.01533295847927166,0.010651640661398338,-0.048969000292661304,-0.022151836524486438,-0.0012570288471122548,-0.033792587586710034
VIM,-0.015756862581065352,-0.07547257700982773,0.01517118113917527,0.01701695625954521,-0.07316127094251386,-0.039623940345505024,0.035153668964350175,0.06076741509123332
PLAU,-0.0027521151705560505,0.0014798702275157776,0.0008296825327465951,-0.015857507105076767,0.015260833277912646,-0.03023581321678087,0.024962576739007772,-0.0201573853779856
TGFB3,-0.02306272225493739,-0.01604480814396839,0.0039113292698031155,0.012243513238180598,0.028667990645859606,0.04817470073903687,-0.05811330157967161,-0.0014386347969392256
APLN,0.001630315372436589,0.05264326452507546,-0.024808940929387024,0.03476541893311631,0.0625840372388323,-0.05187778833375179,-0.013249372676569917,-0.021292357090752462
SHANK2,0.001500286772101325,-0.036343445098998374,-0.03688333308019159,0.003646118468968726,,0.027806596692035678,0.026475951635935815,-0.0030384436732061424
LTF,0.020262461259951764,,-0.01680952081718191,-0.003121642372839515,0.010015091173457068,0.020234893244101604,0.049492164645825044,-0.023326818069580292
PYY,,,0.010969380689910428,-0.010758138863771735,,-0.022237433856084413,,0.022543877213756974
PENK,0.03967456342095623,0.05091339333880816,-0.041327950453967935,-0.01922712740811229,0.11319608776968074,,-0.01898707591162448,-0.02335637894006313
CTF1,-0.024423745453537985,0.055102354034603784,0.026634560475054834,-0.019609910079390464,-0.048645431942156286,0.019604268708983377,-0.03228567830831954,0.053982717952727396
COL3A1,0.0390960135154845,-0.00877839419432663,0.010850935667719176,-0.03208428603058728,0.07442084920436359,-0.004099319491992185,-0.001846503562587549,-0.047830927916403525
S100A10,0.018308422220271306,-0.029734288497108248,0.017323879510973382,-0.010305687795456618,-0.028972608037944766,-0.08266831267312665,-0.016610836056468088,0.028965178318067542
FGF13,-0.0026047039216759347,-0.02110400897722168,-0.01202476429519849,-0.012342993235333442,-0.02448595222513098,0.02696599595927468,0.029365049039322792,0.008135568877471796
SEMA4A,0.027499594467438916,-0.01488245109773599,-0.0405651977470366,-0.019803609051008093,-0.03981779725005294,0.010462412792236727,-0.005704027144410489,-0.02548607198888526
EFNA4,0.003951914233645802,0.05899195114099963,-0.0026171831193000147,0.0006152682672766225,0.015002831468398118,0.01743033871755001,-0.01807005191666018,0.014107489968226467
HSPA8,0.07091568947681252,-0.0032011484677650194,-0.00739655569049593,-0.0430168601682059,-0.017605833045305302,0.13622119129316335,0.029483329085300377,-0.03393636993246653
NPB,0.051816111174304756,-0.017966698477391678,0.026742613925391845,-0.024271326716994487,-0.03400103936569602,0.0019455386799923536,0.02344526047981212,0.0926700087505574
ULBP1,0.04062495260169409,-0.030638894774126648,0.0387649763928686,-0.012007245920703147,,-0.01893750178567411,-0.024868832166340706,0.023337124601665742
SEMA3E,-0.07073834335173643,0.03959617960161234,0.02676317899522846,0.007738152433809685,-0.036748431003259065,-0.017086681520406283,0.03718631560235506,0.024405555247677135
FGF3,,,,,,0.007487800967234646,-0.0018124891436667651,
ADAM9,0.029089163900112982,-0.022572366730045035,0.04772400713445366,0.04261602579040354,0.009303876664338621,-0.09813672020773881,0.006423976495225722,-0.015334839352488168
ASIP,,,-0.020684443686418537,0.07299260845884005,-0.021077658002222943,-0.010204525352748932,0.044930478670046105,0.06175627226810073
IBSP,0.015394981718608366,,,-0.027155818968731406,0.053064443577634623,-0.09691855952069454,0.02154738607386441,0.025007842888045737
MMP12,-0.020430608254981043,,,,,,-0.013340805193443517,
FAT4,0.012605590508431358,0.0036644744802653575,0.07012653500684835,-0.007445719544244193,-0.007525776127538048,-0.014303190845499424,0.015518204654518166,0.023567862611774258
MDK,0.06426949153175403,0.03762187877282734,0.01194919773210588,-0.04296552185186779,-0.1381806152670431,-0.010837312373577015,-0.005391057389033725,-0.01962287125939057
BMP5,,,,,-0.027543459205767496,0.044593279332378284,-0.01181414678663438,-0.04240603240115231
CAMP,,-0.015249912686009302,,,,-0.025375250261626153,0.05572808334183942,-0.02551622656053334
HSPA1A,0.06271576892042784,0.028116200798869315,0.012228387032838723,-0.013603327773458022,-0.010224124508520864,-0.04803381806809219,-0.016330424266200246,0.03215703047683002
SOST,-0.03164661238870169,,,-0.014816625228188707,,,,
SEMA3F,-0.0072253550794267665,-0.030276892382048736,-0.020435394069410733,0.019542199446545484,-0.021662514660936133,-0.0066473914126508596,0.0054725464388964305,-0.031181416997813426
ARF6,-0.01862197051339278,0.02715202586624866,-0.02757263468435416,0.010934247212115243,0.014580011285539474,0.007350503457376434,0.01882672928923742,-0.005778469640382292
IL6,0.021846998673888493,0.012903584243293615,0.009449312825636267,-0.015297201651659938,0.04372357446069741,-0.032231160917849895,-0.034600635514676625,0.027920694279323817
CALM1,-0.022209297095225653,-0.026473828904316585,0.02115247424926018,0.010896799850140129,-0.0027926048719971184,-0.02798735926757967,-0.02812065773804031,0.0191271143876788
VIP,0.060184183917252256,-0.034736643921919684,-0.028305498268549983,-0.022554141910329072,-0.0244859822383637,,,0.0033532911344194252
NMB,0.04959149961499182,-0.017790092749616297,0.08740910374144019,0.045944550122780974,-0.020291332641869907,0.019727293849806305,-0.05574404910814195,0.056615190805627325
CCL26,0.0004578419989426948,-0.01591601534427596,-0.013959475916659612,-0.01698861214592342,0.06488549870974929,0.016376787245022336,-0.02374825384309126,-0.011936632370114808
FBLN1,0.043175553399472044,-0.012842121250299118,-0.03480745275588547,-0.05820128143383877,0.017482715259495032,-0.00745689182899845,-0.00649008635870454,-0.04346307952257689
SAA1,-0.05225562586377398,,0.024899400564943327,,0.03682662374371605,-0.07096335599851007,0.07006996639557103,-0.023147267305349547
MICB,0.04918150230729606,0.041747006817731004,0.003841439677847729,0.05754836576507415,0.03918859938501139,0.008326671081685612,-0.028104551754569794,-0.020704189483907055
MMP13,-0.02417364556853691,,,-0.010252423238344854,0.16142363193370096,,,-0.023356369072850557
F13A1,-0.03531174944532232,0.03674064585277908,0.01875836386562885,-0.021957502970342022,-0.03202752643420198,-0.06574689471492984,0.019107133509691152,-0.018135280836532958
CXCL11,-0.041823678522660945,-0.008603357800038843,-0.02904398451461597,-0.012587616922023818,,,,-0.03805080263828981
COL5A2,-0.020193555594112747,0.05966563272072484,0.007490295915831688,-0.010974412864458211,0.04554827310644895,0.05061323480098424,-0.0026428189522620174,-0.05568125812186002
EFNA5,-0.029481202387358758,-0.01887311210909011,-0.012849133219765949,-0.0017799648187556841,-0.03919244393666778,0.0131264943347166,-0.04805891348524961,0.06002070033645224
AREG,0.008690563400806721,0.03723001145674529,0.023859425549951255,,,0.05771996258636899,-0.0012684497927633724,0.02621193925190238
EDIL3,0.004355512675902771,0.0549567054038564,0.011798654509283486,0.007093706890065336,-0.07177257600398372,-0.014966245739557942,0.0218588651794719,-0.06660593839201254
CD86,0.012416791278123984,0.023617050069033384,-0.02305672446970619,0.006739851858768832,0.043084836998130524,-4.62863905509871e-05,-0.0357267744417155,0.02195939929650254
AHSG,,,,,-0.025541357715156213,0.025021043930553086,,
WNT9B,,,0.049572735481102685,,,,,
HRAS,0.027825005430773195,0.02381268535497303,0.00019028796572053848,0.007010602675181767,-0.06261119342552278,0.024977925801453516,-0.0018373070486224002,0.04499748553286534
C1QTNF5,,,,,,0.07476803449199249,-0.01566003508811993,-0.038203652707783774
RLN1,0.10856294739370434,,,,,0.01703910307972916,,-0.018355708452628176
COL4A1,-0.00717215766844535,-0.0033443361346304798,-0.006498018792217368,-0.025499815035250988,0.07408586024640389,0.01374248530767524,-0.023402221677148904,-0.054976760484817165
CCL3,-0.02613360625978797,-0.014066213749750282,0.024381891684082623,0.013774197189822283,-0.04134741545872713,-0.0018826009332273159,0.012278253119792385,0.018852099986151453
BGN,0.048866929535379876,-0.014947067258358981,-0.028378724169376587,0.04022352953780802,0.027447286372405084,-0.010781700217350412,-0.044276275573201886,-0.05046594122017681
RETN,0.007991983104464803,0.027376933357480922,,,0.011650626081519413,0.025562160436687808,0.06986665634803096,-0.031880675550032364
S100A9,0.0017397747095849855,-0.042107157662064826,0.0013615827997081463,-0.03431867197330507,-0.029305446646829044,-0.026567222621938374,0.06203288029476043,-0.0028733895169110197
HCRT,,-0.012928982247307869,0.03511955903237211,0.05115771372816508,-0.02706730426079296,-0.03674408643860904,-0.04880840946395706,-0.03772502420334919
FADD,0.03939642496620852,-0.024425945627895643,0.01060520021304504,-0.016440342102162855,0.018406913845032846,-0.0031311829647846226,0.013287535842327515,-0.061538830240017973
ACTR2,-0.02219614751971123,-0.020834247510852087,0.01136274313010531,-0.013635595367764689,0.006769802891935251,-0.04979726599404422,-0.015127789344965937,0.03285011490068582
BMP2,-0.05283336359337655,-0.023106095849455135,-0.03205103816941644,0.02020845427638043,-0.009602917205500761,0.02340545260408962,0.06391423720586378,0.06396240860204705
PDYN,0.03257497157222342,-0.02681539834769396,0.03774411049605915,-0.022889302134441125,,-0.02168853705838453,0.00867168637829277,
CD55,0.029898578663715012,-0.008644405436261115,-0.009402019560976072,0.025820191394890394,-0.013953750024428823,0.010174714822305862,-0.03322672332868983,0.0077221775476957865
OSTN,,,-0.030651847577998836,,,,,
PDX1,,,0.0043790919563890356,,,0.006840430011341111,-0.010507099308256433,
CD6,-0.006400298503825445,-0.028022312370265035,0.01171528772281169,-0.01354688441856736,0.19141438550580794,,-0.018707048875918158,-0.007781860904601603
IL16,-0.05059744949027303,-0.005286264093512956,-0.06362477069564496,-0.0046001509575269274,-0.028289897368658938,-0.06676034152513295,0.06669490402619462,-0.014378128979958509
LAMA5,0.0016833835348202208,0.022953181775204973,-0.01762650466435964,-0.023960658901081875,0.003870475357502199,-0.06713360975230571,-0.019103176314479685,-0.058756113900189644
RGMB,-0.01550800727261275,0.00636722041267437,-0.02278458297381599,-0.01965176189132923,-0.018272403174167798,-0.008256911289676223,-0.01089189503487851,-0.026519205666636497
INSL5,,,-0.025348447893951305,,-0.026890795686117838,,,-0.03205111323938425
IL12A,0.020706262646795127,-0.02776214867632871,-0.00675790977404237,-0.018440918467571912,0.004291436905885759,0.07422512377804984,-0.015324748657460058,-0.03480415775138824
S100A8,-0.0244116917716513,0.011029890060192454,0.0054997102593552245,0.01228820319315313,-0.04268474997566622,-0.02966722180608185,0.024740159622610277,0.04812927934254408
TAC3,0.019053575368732055,0.002127059547375509,-0.04113439347856641,-0.02927774189875196,,0.027887189132843326,0.01849584693228482,0.006871098239463641
TAC4,0.01114244360774102,,,,,,,
MFAP5,-0.022232581152706862,-0.01676485143073847,,,0.09016691993200551,0.0450475655238302,-0.004854270296153347,0.03188066066448295
CXCL16,-0.01992288296579964,0.0013865325260848376,-0.04450826749028565,0.02093447634335193,-0.031904605952646964,-0.03821326578272434,0.014811119457016617,-0.0288906533108091
AGRN,-0.02332405612220963,-0.07588929638598034,0.05189616930216932,-0.01036065689832662,0.027880580697274587,0.04648873097461342,-0.02924534166583995,-0.031221915211863283
COL4A6,-0.0045210690676178965,0.06218350997623258,0.04082416396409551,-0.011082992246103223,0.01681758650187481,-0.006937393968148214,0.0566861278861181,0.03340991242619833
FST,-0.05000396186680523,0.012520110986020684,-0.02182385479192068,,-0.0024914032407520816,-0.011821034355711238,0.07153954278444859,-0.03710877417307567
MEGF10,0.027320646046501612,0.01637624147283342,-0.024533375009697794,0.04365756383872144,0.12120567954324002,0.015955984649285333,-0.07065071721470165,-0.03982565529788227
C1QB,-0.020213739498818797,-0.017781548786597108,0.005563574931709336,-0.013555359044057877,-0.012988217175073835,-0.019297826519025528,0.050680063741191377,-0.07820272153331094
HLA-B,0.005653512865668542,-0.07326550770259109,0.010247517013774278,-0.0199463275498883,-0.032605712912648535,-0.04816027374152793,0.03553154861197789,-0.007845658125570682
PDGFA,-0.03779219352078414,0.022530441549192117,0.025011424711774796,0.026305042378563504,-0.014450595652328943,0.0010541010631625921,-0.04617081041352336,0.02546530368365822
LAMA3,-0.02811908946144645,-0.021682853674607632,0.021135907613140735,-0.026046909979013922,,0.032553061064821164,-0.015493237335554962,0.07755503487984332
DKK1,-0.02066710898054819,,-0.006900782601738008,,-0.023468439096773572,0.014700763405219672,0.06351190847401157,0.0142724885245384
INHBA,-0.022746177709241946,-0.015021603182519926,0.018399612336350197,0.038930714056921376,-0.013323402333979854,-0.0349071311369943,-0.021936318710037126,0.030066631600321334
LEP,,,,,,,,-0.018635509260485992
IL7,-0.05336259581081787,0.016245500951582514,-0.013712362847719015,-0.013143813159179535,-0.025884603380177357,0.021119296040852314,-0.02594866030739025,0.07216588884684264
FABP5,-0.0032994231271735257,0.020298834527199387,-0.02747554134922082,0.053408896279306436,-0.051029171412009716,-0.018390406285255997,-0.06248325154215682,0.02669719458989605
CCL4,0.012154172164423056,0.08376802510157358,0.03649882322713661,0.059377139623780224,-0.02913851129719482,-0.027564148795050508,0.022832625884827335,0.018615316820979992
FBN1,-0.001083608098931003,-0.04488608788494229,0.017838450854646706,0.036173746618780686,0.030646136602761425,-0.01666303371439132,0.03255495347765054,-0.04176350848745889
TCTN1,0.0185069731664257,0.031945320182566316,-0.014416753880238317,-0.04642005853911362,0.010887708577124596,-0.02743190214420724,0.04025145984610852,0.012428625780198004
NCR3LG1,,,,,,-0.024817736121839604,-0.03115883847104256,
BMP7,-0.06222275823226613,0.02171947475228328,0.015094316788318117,0.09821626394736403,0.008598782273718407,-0.05116308564810622,0.02958294771671258,0.044393704955710545
NLGN2,-0.008872600802517927,-0.005215168112057812,-0.0006573032060509072,0.06663212198461317,0.02754819257036209,-0.009854206118543849,0.017690316998001384,0.029898508728091768
CCL25,0.020364713805541973,,,0.04855762293403619,-0.026559142771715314,-0.0010808130561109663,0.013085713501540369,-0.014866366028832357
NPNT,-0.04341839749890532,-0.02638504161529192,-0.0006602238598931471,0.026134946054947133,0.003767310286432305,-0.021192636641532012,-0.03587559660315318,-0.02287195860745322
KITLG,0.01129708775905235,0.042145666148289226,-0.00792124255747329,-0.03886307784487552,-0.043171635621910676,0.02150292621132112,-0.018315732626653793,0.03652886720098634
MADCAM1,0.029818622659029,0.04289378718760464,-0.01795956469832527,0.10340038418802919,-0.03002952750922576,-0.01935250643946723,-0.014274853614633634,-0.01385477963341743
F12,-0.007186868991719155,-0.016144671992914077,-0.04425278027511112,0.034388197885856446,-0.04653161288530899,-0.08260685715980472,0.01538069307208919,0.04987621438946361
S100B,0.02250986794036043,-0.01441943106541291,0.001017144530724985,0.02413867232442042,-0.05641789764608656,0.06656069642408549,0.019433448551724304,-0.019396519700322187
IL27,-0.020470782620010806,,0.04714316853307567,,0.09335275844357915,-0.006436423764300072,-0.013340805193443517,0.005689542050212112
CD99,0.027983847329294497,0.08368228232610517,-0.06054133923648592,0.01433090939466201,-0.00722431240161451,-0.028587730078275385,-0.0367723603214511,-0.014807602273934859
PDGFB,0.01588524689904525,-0.03962368007354647,0.046857164510079985,-0.046677920539630685,-0.01864615761040237,0.012777997439767373,0.04849213147197187,-0.04430450582684899
CLEC2D,-0.006673691884021232,0.05522680258633511,-0.007583987911654972,-0.02238157026860838,-0.054584410116561705,0.04495603403404224,0.0019187947727682853,0.06545511052104705
F8,-0.018967490483399834,-0.045214127418446354,-0.029737417569999956,0.035720097658987364,-0.004257452772212784,0.03715037485095352,0.012145701027097904,0.0055661637420137446
C3,-0.016868131402328023,-0.04347898218178851,-0.0032478522296653864,-0.04928490079541673,0.0023693569913999886,-0.07940935619754566,0.031363786568683445,-0.04780211021953369
DLK2,0.009593929056638353,-0.01697074783548275,0.0404712493180587,0.06176530229158209,-0.02262882553868408,-0.010437356643247683,0.02211815412547243,-0.020745656916497237
TSLP,0.002992770017345832,-0.015474994530147588,0.08943261359870568,-0.01529720134671684,-0.03263071767999603,0.01086634306732871,0.07017021307280408,0.0760597795420589
OSM,-0.0030343392641833796,0.012592221895198003,0.06623457608488614,-0.021361709451097905,-0.013843790204146769,-0.03712022699809176,0.054116808803048935,-0.006298620346631976
PRND,-0.02308335960656412,,,,,,,0.02701849662335866
SLPI,-0.05241131745695655,-0.025316776708898408,-0.007395009351810894,-0.013710747821394836,-0.009319948005514682,-0.10454142742991425,0.05429931037505066,0.04511128994220148
AFDN,-0.0829459827399054,0.061538716447185844,0.014964225685758602,-0.004924944767893515,-0.005980196013024166,0.09094587434927125,-0.008578323807226937,0.020910385968751086
KISS1,,-0.021253272031618232,,-0.013006857315741034,,-0.0185138686498705,-0.01754666363082735,
ULBP2,0.017378992583569588,-0.009512372263914132,-0.02733032470007684,-0.021258624445336355,-0.05594234024591969,-0.017927401750981002,0.00768866006790813,0.04437111410017443
ICAM4,-0.020741308929308044,-0.022483678787266783,0.03259630841316143,,,-0.016242277541591625,,-0.022204932637401892
TDGF1,,,0.05537480574998882,,,,,
ANGPTL1,-0.03172899794772685,0.012737833862165029,-0.0024157626434042827,0.06378287280558864,-0.0255413591247955,0.03356319733406293,0.05910838326239241,0.04196969269926689
LTBP1,0.024287944281027728,0.04317792865352691,-0.07371010305723848,0.031884517491517224,-0.025014760548551562,0.033586782206552,-0.04487031125590502,-0.02470344003791406
CD160,,-0.01757471607202563,,,,,,
NTN4,-0.04857658041069358,-0.014116595095461999,-0.00041010693332582297,-0.032333143804530624,-0.010148658731659163,0.04189092332769926,0.013178726444653411,-0.0015087935242142278
APP,-0.01668150641307038,0.01065947300129735,0.00991250722127285,-0.033526002299273605,-0.014126624085168824,-0.03536705735976628,-0.03353458809201624,-0.0177667477983427
RIMS2,-0.01793247418323741,-0.03193673693856897,-0.00842516749596641,-0.001621445549998016,-0.014960106527454615,-0.008492690465126755,-0.0042619007406140465,-0.02290220167469271
WNT7A,0.07691610731128795,-0.01568739912913882,0.0023603259833802153,0.015607777663666564,0.017476824664372184,-0.05805604319833171,-0.03613627135432602,-0.028353723532966127
GAST,,,,,,-0.01851386898486828,,0.006377969675184764
GPI,-0.004441975136393432,0.021039425967069973,-0.019570418741630638,-0.043486371501221054,-0.06268229086257161,-0.009682442807903742,0.02923982421283887,0.04018687458900465
IL1B,0.019627716406150512,0.049650456975756846,0.027987287339330674,0.010712804862064534,8.996172802041052e-05,-0.011081570945067657,-0.039989775089218055,0.0006987093370320403
SFTPA2,,,,-0.01042360849956003,,-0.01599846243612749,-0.014274854605599593,
HAS2,-0.10328682969405106,-0.008363617157328305,-0.022266825696926344,0.002727055629283787,-0.006307197757434461,-0.06438905894174093,0.002427013693409584,0.02645382197256794
IL11,-0.009487031328935277,,-0.010299882174128826,0.017364939465257814,-0.04260360472333753,0.014402397379404889,0.03935698974139284,0.0145285422209451
SEMA4B,0.0024900834359473504,-0.053858047721411076,0.004938728216940804,-0.07232415789421218,0.0028091069964397792,-0.059451571879725496,0.016882353695405857,-0.0015679870930381202
FGF12,-0.03948264359770844,0.04158761612850082,-0.0012386001886783543,-0.013403538811076168,-0.045701616390029225,-0.03793014186968596,0.03285112232664484,0.026343226971167595
CP,-0.005305700655298022,-0.06450535862342777,-0.004138205313298308,0.015199948262754932,0.08385497889526548,-0.01266471495289871,-0.05070515261593573,0.056759835208845894
NLGN3,0.01262535869963758,-0.00483232569772285,0.014113816026604853,0.025746941196675734,-0.01830342117703683,0.05372594225170793,0.03558452596985619,0.008121100001747511
GZMB,-0.01816041173204303,0.025522379239611558,-0.03475004918262318,,,0.013832291919575338,-0.030230086059982886,0.016411633470268798
PROC,-0.026000923987355963,-0.010879700499442915,-0.029656330730124334,-0.009432587336709477,-0.019840074854392542,-0.01955694895136867,0.10054027138747182,-0.036702698962722165
TNFSF11,-0.021349712800171245,,,,-0.02786474244401757,-0.01955694143723997,,-0.017474345495801645
AGT,-0.031296087868894644,0.054143638793295173,-0.04317473406044508,0.06440909064034298,-0.1213773126456548,-0.020685377470298676,-0.012034572580037243,0.009525583376449346
PTHLH,0.004370543642855979,-0.03003352208791163,-0.0004920314089573207,-0.0012571007464007994,0.006465379438729821,0.022226744355311818,-0.0028213702321460135,0.01683409091922419
COL1A1,0.024279822415914698,-0.029665288912966947,-0.008141308068652823,-0.01569852487571614,0.03616984817978445,-0.008156865278624768,-0.004496197278185512,-0.059733475062565634
LAMB2,-0.036421101835798886,0.0681623339578364,-0.02986002652751098,0.06548121297568807,0.02205825398708864,-0.024131973191556928,0.029854377193678897,-0.062187652961413646
DSC2,-0.005303957668356132,-0.04276034748586994,0.025170492595501484,0.02333087472474115,0.01274831113314601,0.006026178055733289,0.0035430934946050806,0.08211558815890599
WNT5B,-0.04472909771508274,0.008562172549176073,0.029061299580311457,-0.02313805049618803,-0.0342723759851803,0.010439062802162195,0.02813606823141074,0.043839948394341896
LEFTY1,-0.03477457175532499,0.12022498456829427,0.010356042430540755,0.0068141349762713774,0.002868505742977772,0.06400310371734597,-0.0020128382093923445,-0.004936634217173348
FGL1,0.07318741790451992,,,-0.012007244965329683,,-0.010356315035774657,-0.020071924653480795,
CXCL5,0.06928631388341708,-0.03901102356141004,-0.01864711877217748,,-0.031208283535844393,0.048666221710575684,-0.00844350275425573,-0.02788960836498247
S100A1,0.008863925030553938,0.018203076299994906,0.02180722674011889,0.015569675780267918,-0.0200480582705096,0.018134158961957015,-0.023716753481537615,-0.018341812619710417
C4BPA,,,0.0025266287205913136,,-0.023758964767713817,,,-0.018635504693527854
NPTX1,-0.02245969508558102,-0.03559485397597193,0.0022799868471950735,-0.004111039792684063,0.004674915452496459,-0.06951635255088541,0.006508513008046018,
TGS1,-0.045186967363508794,0.021281106677675413,-0.017770329579329544,0.035413190294104904,-0.006961959663479438,0.022966568015958498,-0.014484479059254488,0.03605761697208234
SST,0.04833534838043971,-0.05155663246886824,-0.03817089831329908,-0.04477195064501496,,-0.010032590541204747,0.0453514516834517,
IL34,-0.024689440378224674,0.05840260710757235,0.0025222117399669466,-0.041897683036717155,-0.03068554703407599,0.07529622718530206,0.13105683822253358,-0.007808084660173586
DHH,,,,,0.03333465541994262,0.010619973982755992,0.05434289721579322,-0.02752246092615172
XCL2,-0.023905467278212335,,-0.02380384576590672,,,,,-0.019452044587214102
RSPO1,,,,-0.011082992246103223,,,,
TF,-0.0038949598333618035,-0.0337915996529749,0.03497015128162646,0.07882834418739142,0.014616607843809555,0.008908180406606311,-0.06956023814086491,0.011802924850739721
IL33,-0.06903057478068904,0.027333370723121857,0.00035693557118551285,0.050082913432433464,-0.059468576466399255,-0.016769463091575468,-0.024587110201763327,0.03603601888875393
RBP4,0.07462814649798795,-0.03485009326627162,-0.029994524825549273,-0.015552722690671227,-0.027864753864688115,-0.015527402524288955,0.027260715650388602,-0.03436185019920585
CCL19,,-0.014554694456168133,-0.014159394452014641,,,,,-0.0003268464292616886
CCL20,0.024942426641193838,0.0542369194071596,-0.040696643832761115,0.01920557000454935,,0.027651655649787662,0.04637177827491914,0.02910100760460675
NAMPT,-0.011770225879631243,0.0013045153248147636,0.011515076743040096,-0.010626881509776831,-0.03431825294052528,-0.08831881187987885,-0.017746333205907145,-0.0036228583372192326
