,UKF260,UKF313,ZH8811Abulk,ZH8811Bbulk,ZH8812bulk,ZH916bulk
IGFL3,,,,,-0.020719484125770554,
BMP1,0.10681893860226546,0.013822328888200706,-0.06350974332746932,0.10938772655075713,0.061179892506663135,-0.027415093496499638
NDP,-0.024411678641591713,-0.04502911640594812,-0.0655981772929314,-0.08907593368903428,0.042984130443483495,-0.005545647057238751
TNFSF18,,,,,-0.021367638258535406,-0.029161281427718098
RTN4,0.044129824108564975,0.002726672553205572,-0.005866073155694321,-0.00866754590122704,-0.09811258934631044,0.08023777810737058
HEBP1,0.012657535707950881,0.012474408953182727,-0.120268283928655,-0.002227031730122898,-0.030592739358002823,-0.08967020304847886
WNT7B,-0.03592525634276238,-0.030708120887131537,-0.001281467343022071,-0.03281365966919237,-0.04468146019555397,0.014396967357231932
PTMA,-0.005146952002239819,-0.011290447108411778,0.05345816052528003,-0.021500539462158907,-0.04568833293717865,-0.004057485803014293
CEACAM1,-0.014777320781550952,,-0.02427222487542554,-0.020944820779161877,-0.03070306536588726,
PDAP1,0.04744487534263732,-0.03920419378930869,0.05430588752533861,-0.019942076052446182,0.042822895005858,-0.10682753067324895
QDPR,-0.04987077533170928,0.009503160592180837,-0.06926848253608954,-0.09142918920715445,-0.03322439910535755,0.07005939482321943
POMC,0.03399156700827482,-0.022929640881132803,-0.021933140482485253,-0.023521322624107558,0.016036088268298963,-0.0033964842956438115
CCL18,,-0.016081507332135658,0.022134068632207866,0.053140382426220094,,
CCL17,,,-0.01721996874040741,-0.030235163698711667,0.010715724230373428,
VEGFD,0.011256997607521956,-0.015492192274553845,,-0.001637543948069176,-0.028811470810985416,
TNFSF13,,,-0.033042533533855487,-0.03286458923314024,-0.029294424796228295,0.051190111630390375
WNT5A,-0.06007942436254631,-0.04435386024396812,-0.05525411155478738,-0.007311752972473305,-0.07769225206514217,-0.025949429793597212
CXCL8,0.10052516174921598,-0.03947305449700963,0.07437793253925176,0.09182547710896483,0.04260853885828286,-0.0962657191352678
GRN,0.0088180975659021,-0.001967475498056366,-0.05738632460895085,0.005905372376846989,0.09268721698758184,0.034115454429068555
MIA,0.1024093446191591,-0.02101019594186318,-0.0795189452842868,-0.014071710665780609,0.07024683455621487,-0.03886914045383094
COL4A4,-0.017981557609297545,,-0.014595159850642693,0.07181524881859222,-0.029361740219176716,-0.035455607583222484
TAC1,-0.03946052477711896,,,,,0.0636056915718953
RARRES2,0.0692599363773554,-0.005471700780196539,-0.04287189093025359,-0.015033988640456464,0.03897351609725299,-0.08660915421566735
FGF7,0.0013225293428454135,0.052217996393847554,-0.06036412359773367,-0.0032686728766303224,-0.05934414186429586,0.053688777708658784
EFNA2,,,,-0.019906650458735894,,
HBEGF,0.07013030268459561,-0.052257999362773554,-0.039852383648690495,0.05349875262433947,0.00034995305796505703,0.06522694850008122
CSF3,0.11011522411701155,0.11254493803769812,0.03993088441059886,0.001598279968905467,,-0.009904897641134837
PI3,0.07200462361286626,,0.09886857524831276,0.06453587775902997,-0.02321062316747904,-0.05334057102528067
PCSK1N,-0.02313016396026614,0.004936466050357368,0.014284512720448393,-0.046198140230360514,-0.03716057886441107,0.08416906134701596
NTS,0.020793048578427883,,0.039386254768198604,-0.02425247602982169,,
SFRP1,-0.016129128111250647,0.07610124262444941,-0.06207919958845346,-0.053948041536918206,0.0038587008996836384,-0.04652881786213239
CXCL13,-0.015984171936624603,-0.004044878169280424,-0.038679580379227696,0.0742991908982925,,0.10524604959316519
MICA,0.11373122660380748,-0.006385266673341659,0.010644401036693006,-0.011719092231343488,-0.02433314341645824,0.012657880106261584
TG,-0.03420926176659747,-0.03306705475917773,-0.003594638864936552,0.040341685673028746,,-0.0333373181532759
ADA,0.01786961488806887,0.01909974804085661,-0.07320843083970234,-0.06533542857149878,-0.02258918389168038,0.043412528647971585
LAMC3,-0.0371559263111062,0.06017447455205062,-0.09343697593658801,-0.003527342940466341,0.11146958964708878,0.035630340624671936
CCL7,0.03137398251175164,,0.009183997390012225,,,-0.06315299706728611
NGF,-0.02262031928789698,-0.027993442129154722,-0.029807056189491938,-0.019639071585910748,,0.006122133602159466
TNFSF15,-0.015690529959371858,-0.014821548878462694,-0.025160646755920012,,,-0.02946446794784345
HMGB1,-0.029578213517924567,0.007761397151376821,0.10729022038714843,-0.048999492156576015,0.0393312567200203,-0.06324988489709452
ITGB3BP,0.04406757012343755,0.027178903272995922,-0.007741901175733595,0.01928993722025046,0.020591001836462595,-0.097184445395672
AANAT,-0.014138105877391146,,-0.022641568293174232,-0.02678895988808899,-0.018161758041775715,-0.022772429131474328
RELN,-0.04256235381474519,,,,0.029612195200941705,-0.02487714977392045
IL15,-0.007607944638895269,-0.02381240264319522,-0.04148028077627575,-0.048568135110367124,0.09734569892410533,-0.007850460386557068
UTS2,,,-0.019280952483416578,,,
BSG,0.05394373805773125,-0.0775560352464172,-0.09883696127155928,0.009868079924639233,0.049974507937906046,-0.0929786603970865
ADAMTS3,0.0017333954251877528,-0.029079206277749656,-0.06812757644813683,-0.05200281984439968,0.0867611767630108,-0.05595601929158739
CD34,-0.049157623754839105,0.014289223300188045,-0.10487594266388213,-0.00624696350581154,0.07438135339111948,0.10407512891297278
PLAT,0.04122618925665525,-0.07041670931610203,-0.105232210307408,-0.07468219962370973,0.07205388475825111,0.026560947648002497
NTF3,,0.031118352318741473,-0.03286059771918152,-0.06446372040793885,,
CKLF,-0.005971201901743366,-0.008043091225638255,0.005079218257071174,-0.0410778023896916,-0.057758920984703394,-0.0785621207442287
APELA,,0.07084027840460623,,,,
CD24,-0.022181606384324377,-0.032122300791643126,-0.06495502834209432,-0.11374971653944944,0.02948717675586395,-0.008557516136584876
HSP90AA1,0.006580042524892744,-0.0077193902181676875,0.08811800045361114,0.03712631291575089,-0.06185348645975433,0.0179166415322928
BMP4,0.02699718474228477,-0.004684691905782849,-0.05099511238949768,0.01719032509829549,0.0726744915777922,-0.04394485410002475
SCGB3A1,-0.016836738756424167,-0.03103015686828363,-0.03928202976149447,-0.03810644455834843,,0.022648611109019466
IGFBP4,0.04203002014249086,-0.0036247767226686763,-0.03413961839187697,-0.010546872589165418,0.09081327008332964,0.04736906293702197
RSPO4,-0.0008100098814969164,,,,,-0.02871513109831126
LEFTY2,0.01941293514980798,-0.016758575033110654,-0.02190871796346736,-0.022889071456300907,0.08806022544329992,0.024554301921740528
PF4,,,,0.18571116973369342,,0.09089609382958892
ANGPTL2,0.013519524570186462,-0.04155193973369469,-0.12484625387905794,-0.04755836479666157,0.10642630650077214,0.032719393154395655
LRIG2,-0.0454156787311612,0.006781928611334264,-0.08498115089620081,-0.03981943333394745,-0.06155541017766342,-0.019162995376300708
ICOSLG,-0.03299149133638099,0.042020889684441766,-0.01967940130263445,-0.06861886146364987,0.020359208479659666,0.010607675825016084
WIF1,-0.028098029258217895,,,,,0.011500673425718819
NPPC,0.009739260154192504,,-0.038527830356581916,-0.03452232097271155,-0.032057615010589756,0.094187529164908
LYZ,0.060991826333750304,-0.00788309703422374,0.009756850917672897,0.03426294181090229,0.024671327571996946,0.026055874137230345
EREG,0.22071930438989598,-0.019596537828483942,-0.05238716298866807,0.045536832092174226,,-0.02589747278278642
SPTAN1,-0.09641239144607178,0.06275020769568555,-0.02904963216687811,-0.10403985778408392,-0.010104627486059023,0.02176344997760044
LIPC,0.020880062384274357,-0.02450295319535439,,,0.028268449834619888,-0.03507833818838512
COL8A1,0.04440738187072198,0.027093931233998527,-0.06570845159191711,0.008712401109545392,-0.030044052915589245,-0.020616489627056003
GSTM2,-0.01741684589987094,0.011932777272980694,0.06925490777258995,-0.002228072508441958,0.013576853915402271,0.0038726064474254806
SPX,-0.03773264163346319,,0.040299725661592865,-0.005100539940238644,-0.06802936610007049,-0.015373554973314274
MFGE8,-0.005136748068668185,-0.037607633015431095,0.003879093815362059,0.027013042166962927,0.08421881316372039,-0.008074439671730866
TGFA,-0.03458165870289417,-0.02641009043310731,-0.046887882170556165,0.013137819633485962,-0.02127696804437223,-0.021957139860222356
SLIT2,0.02022548610063349,0.028193003221543465,-0.04456732923709481,-0.06422120634526525,-0.03630506095676524,-0.0248459895555517
PLTP,0.03228695223944159,-0.022886290247283152,-0.08387933445699483,0.019375467818633314,0.0971273178589316,0.022276582420706445
APOD,-0.03872571647716427,0.05896334211333614,-0.1415374758872908,-0.10688497008333549,-0.11391843636765049,0.03314234298264726
B2M,0.07812890233809487,-0.04032204258347784,-0.10954550079784207,-0.00782601706911426,0.0947073051792357,0.03833092206099161
OMG,-0.08561172891845673,-0.012410595077812751,-0.078729406847563,-0.0482757045586894,-0.08065554610602185,0.04945492546706828
CXCL3,0.04662119625326068,-0.04222362879239344,-0.037083424293945996,0.009213586990592942,-0.02379549801258263,-0.05402245188192947
CXCL10,-0.0010877260439426245,-0.016910707151864768,-0.026650859700241624,-0.0077213011793273575,-0.032057611524851905,0.014146918523532214
RSPO3,-0.018813685533705764,,-0.013905458008032192,-0.0602921755781624,,-0.01624102116631001
CORT,-0.022833247983272582,,0.00024166663038494856,-0.019093326768570517,,
NCAN,-0.07083269199195487,,-0.06299648218709945,-0.05836167865859402,0.06967188695886446,0.020522655818988857
PRG4,-0.0134705312975329,,-0.028267738512505382,0.029502171514936268,,0.03234283686952512
ZG16B,,-0.0221076040938897,,,,-0.019189848532821904
TGM2,0.10669747180987359,0.02858595094964855,-0.05266208651115624,0.037678057138031636,0.035029764055598274,0.03216522885721363
VEGFC,0.04916028047262073,0.0291579121049997,-0.03321439652570249,-0.03825606812265883,0.016664548728910426,-0.0673826468820427
WNT6,-0.01856109525869947,0.024983147444645748,-0.026000675831795057,-0.02349285344542926,,-0.019828870904409324
NRG4,-0.019187010257783067,,,,-0.02520302980084579,-0.02981958050925065
PMCH,,,-0.02623283197402547,0.019249986532523328,,0.01531274331884616
COL9A1,0.021775267024688037,,-0.0658643665599512,-0.055618347825916126,0.021236931624670885,-0.016628584628612497
GDF11,-0.0768627606922239,-0.0008885543939867397,-0.06133006339104195,-0.04745593180120638,0.05121522967669506,-0.02418350792979142
IL24,,-0.013940979459361943,0.16273657988289994,0.12211174203757601,,-0.03333729901005724
SORBS1,0.00831076123311711,0.05525783087137687,0.020542476608293808,-0.09325462096510238,-0.029376587173164534,0.009378179611156057
DLL1,-0.03693225146384513,0.10381889347260068,-0.06578671956719072,-0.09718853912067157,-0.04629021231254806,-0.0577145599574726
TLN1,-0.0018768989871782251,0.04044026443393651,-0.0453064450302325,0.019084116788016754,-0.04593055454454817,-0.008364363369041838
COL2A1,-0.012031227952464753,,-0.042757592292946185,-0.04679596967990995,,-0.02686584148823273
SHH,-0.018282018535901088,,0.015230330989405351,-0.007731149438736911,0.0569227311435214,-0.008704633733544217
PON2,-0.049434167173385044,0.008678893440127445,-0.06396625234523806,-0.021851367359926082,0.059268322857052705,-0.10757455029055418
ICAM5,-0.03190674812267626,-0.013196849968653931,-0.016465707244559702,-0.01492952964613961,,0.021847773268378556
HPX,0.024769433643051064,0.03362493857803895,-0.04953315511229041,-0.015063479313726086,0.026834757383761954,-0.035702599648894856
SFRP2,,-0.013758515312094191,-0.06882586188273207,-0.040260160746232766,0.026462830754964913,-0.026405342850429104
CFC1,,,,,,-0.0068703300764115256
CD70,,-0.00961491036012346,-0.04431655016647232,-0.009660204852561536,,-0.02334571861410368
HP,0.06068646370304319,,-0.0017896526503680045,-0.05316667108749836,0.04835180387912924,0.009069087659133852
CXCL2,0.03194466819004157,-0.01815387215840735,-0.05944749968590732,-0.028121028255639207,0.007072259478025578,-0.005341024100805221
NPPB,,,-0.010911543173028091,0.11361283470928893,,
CCK,-0.0594038461033566,,-0.02843130169979451,-0.06841592960565854,0.047614840997561615,0.11272205695836816
SEMA6A,-0.022841104166899367,-0.00479000766199969,-0.08784566041152406,-0.05320969102255662,0.06339779133571842,-0.0883549560181352
IRAK4,-0.014459289925272902,-0.004263982853233388,0.014356546571678178,0.03219338052350484,-0.0062761392050774065,-0.03490354426725409
GSTP1,0.05137790691656362,-0.02185780624068396,-0.11552085270317348,-0.05492986609341813,0.030210217500507487,0.025127485534776638
VCAM1,0.07523785380881061,0.027977966961792094,-0.08963061480910407,-0.07807532269558926,0.041674000684170674,-0.049338091868828184
NXPH3,-0.04370414416941883,0.004590289616859274,-0.06843088156601052,-0.025263911335232293,0.0013266536192742936,-0.011650814886349505
MTMR4,-0.008203601779614274,-0.05114007375665262,0.04800519836158889,-0.05505383355263378,-0.01625405233697905,-0.0057045722760011314
LAMC2,,-0.020249907346689862,-0.02404547442302948,-0.023579825649095984,-0.0036401815799837786,-0.011360621847552948
IL10,0.0732299546712122,0.018499329572510013,-0.036308605144966116,-0.047578768521576276,-0.023504730172338655,-0.028144921183288853
SEMA4D,-0.019041209267246534,0.09191072398826758,-0.0474117349497472,-0.0563261089597881,-0.06270150355893817,-0.013673291525631988
TRH,-0.011839640469903039,,-0.0605904132084735,-0.07240667746980375,0.019070520679517495,-0.03338928017426987
SEMA6D,-0.061902802279459546,-0.018785909447523785,-0.12579939122699585,-0.026099610952489444,-0.0503224266622191,-0.07901647465808208
CEL,0.00860286681737252,,0.07952978462818645,0.026488469705308965,-0.01477090146679405,-0.030678216877382505
PDCD1LG2,0.01649013695748055,0.023318841276496124,-0.05402024269235068,-0.0659302137479686,0.03521751539141681,-0.03271729027134104
SPINT1,0.029911692542529893,0.033145653126304846,-0.07795993107897582,-0.007795404760613858,-0.01531521565791963,-0.031522539605300194
CTHRC1,-0.02407536869672499,0.024488420152574398,-0.07523487802494962,-0.002442088646842812,-0.005155722283222455,0.02635276857689438
PODXL,0.09336960233992891,0.017439513471350802,-0.08655060752979474,-0.04424398742541542,0.03942057786989615,0.022971400771074048
JAM3,0.014285354325103312,0.0342883703580005,-0.024742421227809622,0.02897623193590399,-0.12806914470234845,-0.058690748767591915
TGFB2,0.04248177623367092,-0.048854606252673606,-0.07546128293215691,-0.012050487015257804,0.002227214463789466,-0.08431314348469574
COL18A1,-0.012595852709935382,-0.0026316665123857774,-0.07328310203704665,0.045912915207799235,0.06452055924683991,0.13189792005664863
NODAL,-0.014443117093375557,,-0.02923810697998661,0.0158249508239164,0.11113366532703284,0.07812224512626473
INHBB,0.08138922588272171,0.01636749701920926,-0.09033406011381745,0.044798239106746844,0.007936063533927853,-0.048607086239758415
LCN1,,,-0.031099452746478844,-0.020944820779161877,,0.07824560989784507
ARF4,0.07419014120662101,0.005118958387464186,0.005653259101219531,-0.05028735602722097,-0.024004293472950876,-0.10013989632759512
CXCL14,0.056048020533048304,-0.013296351333775526,-0.061324779799878465,0.008830559356884937,0.042183161741105514,-0.09025841521838095
LIF,0.10901710572098149,-0.05499939410873456,-0.03893435807084668,0.022021726007646045,0.01344419860825575,-0.03770446685567868
IL17B,,-0.03349790076164601,0.004108040313074768,-0.007392957632428241,,-0.0008474189410810439
MMP1,-0.01183963788711962,0.056820646990090234,-0.020352012649812266,0.013395578802625655,,-0.050962940255494804
MATN1,,-0.013940981468791264,-0.005009316211112282,-0.03704557826659359,-0.024648837039553874,-0.02075273917024356
ADAM28,0.01270085515354421,-0.03879198466921053,-0.01383612244087764,0.027506504179168525,-0.06151637400406928,-0.020893043349086184
TCN2,0.013645187894271256,-0.030618874668723605,-0.11936010980518409,0.018395011061242295,0.08763869103741079,0.01545699183825652
THPO,,,,,,0.00069474541787295
CUBN,0.021078777453603155,-0.044313161434070804,-0.04659633870254375,-0.034480614169629366,0.07774081948608041,0.05353219277313856
TIMP3,-0.020950182866990547,-0.0320519348559775,-0.07760464437283207,0.022791697612515652,0.11961854584233006,0.051772630374968945
PIGF,0.049851256994479495,-0.05388614352623934,-0.05886381235024052,-0.0515741875254997,0.06440005852377384,-0.053425241236076226
CRH,-0.012031230160001629,,-0.01822706294053737,-0.00019636093108954699,0.13861202786518764,-0.010317546067891018
BDNF,0.0028537312108620587,0.01381327203998834,-0.04617857003342272,0.021592430185787766,0.06592838920244826,-0.004493890848040158
CCL5,0.1474462453115425,0.0329767037413494,-0.050537839058443494,0.05453666798360891,0.02597843461736084,0.08498809306727081
GAD1,-0.05523259987593999,-0.020885168118301954,-0.03219480890061087,-0.003637490169120369,0.07724289787464333,0.0012192212598473007
COL14A1,0.08879959972692737,-0.07377647365104088,-0.11157381647240164,0.01222967388182764,0.1175006717704575,0.052838866774799376
HLA-A,0.11075616557762755,0.04979138263867114,-0.006004693105515084,0.08910486217320442,0.09448277766276726,0.026925868856102687
FGF18,0.027799088499193565,-0.014475354565042607,-0.03199507063344177,-0.020536014923581584,,-0.02848976459384083
ADM,0.08917372362244128,0.00794410824148117,0.05493616725323729,0.08622467545665734,0.01099202516690357,-0.07500648150191866
GNAI2,0.019000026376428676,-0.025295078539305106,0.08155627396508199,0.028162931207595044,-0.004094710070926027,0.037304818314130454
HDC,,,,,,-0.0207527297715244
COL11A1,-0.05059424507614491,-0.008994240751727361,-0.03661838462675351,0.11306936439874778,-0.0323283781702542,-0.10995485575223762
NUCB2,0.028579333637142497,0.004683809627939547,0.05906721910022485,0.04118348091153644,-0.0867847416585843,0.0012373775951358059
FGF16,,,,,,0.10250044380593318
CXCL1,0.0013168279755373206,-0.051705693524993324,-0.021367462615272833,0.019891072043251374,-0.010123150839050235,-0.006893793276004643
VCAN,-0.0061450940882975345,0.0352177149137338,0.016020116293813468,-0.038258258716998304,0.03990263576168369,-0.08227712592764991
MMP7,,-0.028696166072438738,0.025836793722951747,-0.0006033454879205811,,-0.04039992538708992
PTPN6,0.020063955860311553,0.05687920158069017,-0.1003975065737454,-0.0330968993815152,-0.009580093391575036,-0.03317327218911442
PTGS2,0.13078963659537407,-0.03673566795749058,0.010392440165192585,0.04387613158328243,0.03497751751965907,0.05171781950307605
XCL1,-0.01258929744245276,-0.025996207553861526,,,,0.13494615942805024
CD58,0.011680360135416476,-0.04811683417453919,0.023072052153155217,-0.06575530753455085,-0.056777537734839206,-0.06802964302688529
TNFSF14,0.01899078167178457,,-0.008147640871192604,-0.011244334993805342,0.0012124849632474393,0.042678657404339744
CNTN4,-0.029649594627543942,,-0.0354384208266171,-0.0316256408655714,-0.030932383890340073,0.027828714709188674
INSL3,,,-0.02846413559872682,-0.020689856188774343,,
BTLA,-0.013124761680213612,,,,,
MFNG,-0.04348557138616916,-0.0037067012514910825,-0.09086687796047596,-0.011150785855676129,0.025713737324004622,0.003754661868349477
ICAM1,0.08555185413655672,0.03913021843476339,-0.010982747147658942,0.043355954336809784,-0.044637143038418564,-0.025452637750450632
PROS1,0.09013336118958756,0.012647880617766198,0.019341002194570186,0.07261688371345441,0.11733177738402985,-0.013347614378325311
CLCF1,0.11255729988772648,0.009487927148049006,-0.030391465597490636,-0.011991531861696365,-0.03226292227215093,-0.05749585129758414
PSAP,-0.001107270077510078,0.013983224629645097,-0.09942574264472621,0.09316503771695192,-0.01604249741873291,0.009031191732056798
EFEMP1,0.07544001314936657,-0.06697456653860984,-0.0636351609412562,-0.03201845043813865,-0.00057582152712325,-0.11395526409153624
C1QTNF1,-0.0070771711800464805,-0.034357902222189325,-0.05246003230452938,0.10170429256316918,0.05913685138665657,-0.07925622497787102
ALB,-0.019244466610619626,-0.01319685430726598,-0.04219348748167779,-0.029887190390646884,-0.0016828365939869337,-0.029382139718661573
CCL13,,0.006889737393691154,0.0039019981756727544,,,
EFNA3,0.11693681511866778,0.0042371154703810246,-0.029230190144564093,-0.04382046742960006,0.1046990300975227,0.02837310577074972
DRAXIN,0.031822127955682865,-0.053691290370509855,0.0021948321969532795,-0.0005864385836632745,0.021120999115977507,-0.07289726896041615
RAET1L,,,,-0.020944807052803376,,
NPTX2,-0.057606020381374634,-0.030390404579316053,-0.02010134059887233,-0.056697640144302196,0.014416281666979957,0.002264506267297198
FGF11,-0.01387560073220153,0.06497359271975901,0.006009220005638331,-0.01726037892223377,0.022927914610603266,-0.07884418618100235
CD59,0.022153673787199117,0.0030606163107670258,-0.09973811540440132,0.12057996236955752,-0.005779958428309929,0.0744098147131943
COL9A2,-0.015894948670819385,-0.04742839676513106,-0.09819071885798067,-0.04074249846776625,0.06213972610555333,-0.06079115460583368
DLL3,-0.0036846048919752616,-0.01691070824323219,-0.06620835864504718,-0.11845718055420086,-0.021319687010580596,-0.01015776083981776
FGF5,,-0.03183854439767998,,,,-0.03507832762288127
LIN7C,-0.016040707642534877,-0.011240622496230156,-0.12271550368023527,-0.08941850926495581,-0.01033624830466373,-0.0726220159384311
GDF7,,,,-0.017954908658772705,0.012486484415094373,0.0021038006225323914
PSPN,0.007824776837038437,0.0077280005867406435,0.011306163738927035,0.01728740448137111,-0.028241398524338313,0.08687647955425032
ANGPT1,-0.03126387762096207,0.041513792148095995,-0.07109609372767584,0.05569232242720427,-0.03657116286102574,-0.00820256259721001
PNOC,-0.04879553122045195,-0.01319685430726598,,-0.019093328845866286,,0.006332199237538375
L1CAM,0.07293614746036056,0.03079357110624849,-0.008955421786818782,0.060635191870380946,0.014211558565749042,0.11195387900271625
APOA1,0.009343991248871109,-0.02011938904348994,-0.05708961297884761,0.0018694873134985307,0.08922161515682192,-0.04558605963664174
PSEN1,-0.020730921949329267,0.0342633848606946,-0.03746803396204635,0.004951407687217951,-0.020716997266714405,-0.020649440368648252
CALM2,-0.02467052315309701,0.006902512438717229,-0.109714686833589,-0.12128288223098074,-0.0499270215347831,0.03526118651787808
CLEC2B,0.05654362589585908,-0.007650435921099359,0.002373980227282064,0.09351951292302985,-0.029539199831621527,0.014792983018183034
NTNG1,0.04009538083436785,-0.02162583387115034,-0.006824469032352847,-0.09928637611072472,0.09081829402727037,0.01397695580400881
LRIG1,-0.05456013000464487,-0.027238054887990193,0.005531386279950663,-0.03060154319267308,0.05935553495086433,-0.040543957401067726
CPAMD8,0.029977573495535637,,,-0.020170889830401433,0.026655914321378756,-0.02249420724555148
GHRL,-0.02707036055904662,,,,-0.00349375392670182,0.030535423911090157
NPY,-0.02420745871823693,,-0.04685994912543658,-0.0012736588107787165,-0.059484213859386084,0.031457873049857046
MMP2,-0.02955051849595225,0.04922241603670081,-0.07278780433699111,-0.05948476391468179,0.08525099101768842,0.0022710700616708906
PPY,,-0.012206501755874018,-0.04547382460512793,0.06846753801420091,,-0.028132929570476837
ALKAL2,,0.020875735300403132,-0.035902075150128235,-0.05239434496198965,-0.04348223335794585,-0.05567631172369973
CSF1,0.07775711002928465,0.030308824787140448,-0.06844753091548689,-0.08636586147813048,0.0141452859674194,-0.07196391352260524
SEMA4C,0.024345705447456022,0.03481065446859178,-0.008945304547605861,0.059044559504092486,0.0006423028995584189,-0.03703370839423695
ICAM2,-0.04443447909238808,-0.05743318738680308,-0.07741223347463767,-0.018527784837144665,0.03939521797337951,0.07304681575551951
SYTL3,0.022605353332609584,0.000680763293596638,0.08969352405418703,-0.004540158810700576,0.04175357632335591,-0.014569721478268695
IL1A,0.051224413362542964,,0.03420479738567879,-0.03849534358871956,-0.0020203526034141667,-0.03564303084858837
HLA-G,,,0.0038830396644632253,-0.04292550787550695,,
PGF,-0.03376654204821489,0.0030101964737185636,-0.08327604098227898,0.0047967332190360385,0.06997057134176025,0.03599332354538091
LGALS8,-0.07012155558134622,0.015580194347948663,-0.08149605060236077,-0.0386198775402955,0.021407275496401847,0.026292328314199913
DKK3,-0.05925702025132463,-0.03719705460729458,-0.05277761998357241,-0.014535929284999694,0.057629911351803516,0.09908571273989242
COL16A1,0.013342069774034192,-0.03396948172664402,-0.08547256062457104,0.038638820916552796,0.039918741502427954,-0.07662818184136579
TPH1,0.0785506242388052,,-0.04603421875179415,-0.0384633017500472,0.028705463147660575,0.04015758437904957
TNC,0.10104751346151959,0.05719702010864677,-0.04008243534375896,0.00836298117402988,0.04972687130054367,-0.08208865822398019
TNFSF9,-0.029821134534592945,0.028182074437516632,0.029173092758708156,0.0978419891869752,0.05676228832164464,0.03584851511037098
C4A,,-0.014475362420408526,-0.021152440798715953,,-0.0009404918261284995,
CNTN2,-0.03193685306637267,-0.015327099439533585,-0.028458106712561618,-0.040071914491471884,-0.0434711831155095,0.09824137928520937
F7,,-0.013196856159113887,-0.02665085414353318,,,0.04767056244689687
LUM,-0.05026604466294441,0.027312524037973556,-0.1161594504970095,0.021639458784696735,0.08973024140157691,0.01909254917886348
BTC,-0.00639935261622663,,-0.019280956027552268,0.038644527295724665,-0.028811462464979683,-0.006515425906159264
APOC1,-0.10177161593155636,-0.07606108671405161,-0.07493147500048393,-0.04016585972626089,-0.11379092393061614,-0.036641424388596154
PKM,0.07329085433950826,-0.044382870123180505,0.00024664900364886484,0.09413315596370452,0.01161229666675041,-0.07511792373936914
TNF,-0.03389821476335642,-0.018785910973763115,-0.01871407081414181,-0.020944812765504212,,-0.021639709288218387
GNAS,-0.09860727949634474,0.0822948312290555,0.050159269758925366,-0.038446593028599124,0.08065579145880929,0.012979774364521251
BMP8B,0.017790871378640768,-0.030757199072258157,-0.001234223444811356,-0.03872770851179552,0.01749644496581941,0.09237383480494722
LIPH,,,-0.018999503809652204,-0.02335166432466418,,0.07135629371921168
CCL28,,,,,-0.02321062316747904,-0.03273992533279107
PTPN11,-0.0034892910083368324,-0.05513197277864156,0.0626008064156886,-0.048747613932738694,-0.00860338227476791,-0.034977999702200016
ADAM12,0.04729250914306774,0.01944679226103582,-0.013965574636780864,0.06735263150492454,0.08717007439290805,0.1055017994721448
EPO,0.15722571117312362,-0.011999090853484391,-0.020633946360454625,-0.024252483582434058,,
EDN3,-0.017248518378432477,,-0.04001046311914556,0.010752820203098066,0.19128119722718195,-0.03450605779647366
CCL22,,,-0.023353183090869433,0.03351900335865693,0.1295912396437488,
CCL2,0.09223226536737664,-0.0476181154752201,-0.03096928143131775,-0.07293954604461943,-0.011363731577284212,-0.0908741503913571
DSCAM,0.012262838027382766,-0.01765335931513012,-0.04401119526532652,-0.01942350462581634,-0.005806075950965226,-0.01131687307099378
ANG,0.06572005812890766,0.025887417053156614,0.005104995358471831,0.07825480747774562,0.04303845085075081,0.018598528941552735
FBLN2,-0.02129247360741681,-0.017996382825007366,-0.07691332414004974,0.027178054168120254,0.06310589152585054,0.025835245360973876
VTN,-0.016975011888267794,,0.07166292161802366,-0.017053857540977376,,-0.020289206589337118
VEGFA,0.0742849660288977,0.027178757763121706,0.09922359264422198,0.09653120798297896,-0.008401137726690064,-0.0822552358319831
F10,-0.015837973348917164,-0.038714197203168974,,0.07582529605586158,-0.02492734205173356,0.04051694510608052
SERPINA1,0.049063233883517535,0.0020211083950244933,-0.03331002756060798,-0.011393980246019876,-0.016900914556859797,0.019972382852367326
VWF,-0.03902245894208066,0.030950952671498354,-0.12026414623380433,-0.06711639737450742,0.09592249440786438,0.13565923691868573
GDNF,,0.009376384385647517,-0.04252309408667768,-0.01623123722154195,,
VASP,0.06922227347474338,-0.010846589185771471,-0.15755651856855973,0.07171291583682975,0.027988114210122452,-0.00846365590208969
ADAM15,0.003146926704623048,0.04464841248803961,-0.07582771402090492,0.0005594317064950954,-0.03032270525069291,-0.026493024099982724
WNT2,-0.013640308712485758,,-0.025594362058254737,-0.024908515475639464,,0.02435875890713337
CALCB,0.014658635180406915,,0.055288477786270405,-0.029500051909647038,,-0.033337315351827206
OLFM2,0.005202677657766997,-0.055064481969476935,-0.09488535634275726,-0.05360446490579874,0.03802273282683796,-0.07189571286766859
MFAP2,-0.0005126297020193588,-0.07615754097072024,-0.07127241730587161,-0.04600805510504987,0.054813988452853055,-0.03293027467381448
HLA-C,0.02041727408713958,-0.027296103998200733,-0.08294087117009612,-0.011392503976952224,0.03665902441897974,0.0008282490567097905
THBS1,0.08881633737718773,-0.03929150730093945,0.060062520777788266,0.06640758779772024,0.04942373464489557,0.008777595459320213
HSPA4,0.031009055618796202,-0.011376157680485038,-0.00834631225937522,-0.008158933850865423,0.02016377950494974,0.0027214361545788613
LMAN1,0.01321902596143383,-0.013986530501114158,0.04278418890661769,0.10395787815584978,-0.047421458477444944,-0.02144994593004333
LYPD3,0.004871682451765139,-0.05103588148489029,0.021599780197000724,-0.02666924341839863,,0.08638001005309431
APOE,-0.06913084272935877,0.027448513512694096,-0.026603375527282078,-0.010698971197167702,0.11667411905718061,0.03827349973226258
SOSTDC1,-0.021192058164976397,,-0.04261709884975928,-0.045891847413208606,,-0.031944704795991805
ANXA1,0.07951444062347206,-0.03718374841285127,-0.00029232584223573625,-0.06063005135219276,-0.04040786659035225,-0.06861533305700859
WNT2B,0.037860401165455096,-0.020633132434798567,-0.054908595182227515,0.010156638072048498,0.0625945197373053,-0.006638124268656811
AMH,0.013996446307343592,0.02713850960885871,-0.06018338353154835,0.01699909812199413,-0.023210620207631212,0.03778411526640496
GDF10,-0.023358372596391633,,-0.031817666740909516,-0.037351146363390285,0.007868778909700265,-0.0208759421796287
EFNB3,-0.012790175429348712,-0.04804330828087596,-0.014365910265860421,0.045882672860551504,0.12631351286731118,-0.05603960962885913
LTB,-0.024178567757922553,0.09239221802584374,-0.037124005305311174,0.05942472462660025,0.18898735669487857,0.01278823619636398
ANGPT2,-0.03529125056095462,0.05886075599126006,-0.0755765321248915,0.004829586024527655,0.07045630772603716,0.10215695068039363
NRTN,,,,,-0.011797240757670331,
ADAM17,0.07461171579477514,0.0174158110230622,0.07111105986253972,6.976969555704629e-05,-0.03753560174186987,-0.11393682968321515
LRPAP1,-0.007132328993042059,0.016566525155409545,-0.04125786642445807,-0.002310318386114254,0.032065399322916605,0.019057828474611054
NID1,0.02273442259135619,0.05973469944731209,-0.07333439369970053,0.03725951602067355,0.0546248950218805,0.14281927578359835
MST1,-0.04827538118935467,-0.05345171070312458,-0.038386231513556586,-0.006483875414498504,-0.021307333029616217,-0.04665386642624665
CCL14,,-0.018508651834116204,,,,
DCN,-0.037243051486702455,0.011690866734328469,-0.12486952237034403,0.02990996441456172,0.09427338604019651,0.12564351624241663
IGFL2,,,,-0.02403017336401004,,
COL7A1,-0.029526110163235454,0.007423472544535486,-0.065578326030672,0.047577354709805744,-0.04420132896437975,-0.037974487946318
CALR,0.05289625875296756,0.05612575684139199,0.015562055089060877,0.05450152391005987,0.061985692007121534,-0.06056891127142821
PIGA,0.04343500480985127,-0.013322185501243007,0.00048475637756488813,-0.004418948654215093,0.012931471943247877,-0.075291380184088
CD200,-0.040356524926180505,-0.04609192728299352,-0.05815604270986276,-0.01685213273795091,0.025263267148414547,0.04797547085961592
GRP,,,,-0.022654523389786144,-0.03205761627813107,-0.032336521877142484
CDH1,,,-0.05930241529971356,-0.0014615505102839551,0.017150107655252433,-0.04683329909782604
LPL,-0.00843488897849994,0.010812347722258931,-0.10631893213206088,-0.09395555011198936,0.11684450979459568,-0.11712526149000536
SEMA5A,-0.009713463219578729,0.05313462216128139,-0.008114598237786068,-0.05287762753028703,0.08541293848557309,-0.03509203251696814
SEMA7A,-0.04004176795608606,-0.04831888480655425,-0.05886035294131183,0.03350038943330743,0.0118703164473644,0.05070346537494929
SEMA4G,-0.011087554353399668,-0.035266632460037556,-0.08297810610937459,-0.029358632600777982,-0.045181918994820394,0.0028420643022985187
SEMA3B,0.0013853923864070783,0.04371401578940985,-0.0344823886351364,-0.029788541017760028,0.01536227599691723,-0.03201788394536755
RPH3A,-0.026905774716131505,,-0.0586882527343013,-0.0625548185971625,0.005640362943372978,0.039618181474024884
JAG2,-0.028914683158116305,-0.026062607749029798,-0.05256374076602607,-0.04473809722184118,0.05530156986297864,-0.005728172245535363
CGN,0.16318389819989534,,-0.06586284471732928,-0.056058934115603566,-0.007391159561105603,-0.03560881903802051
GDF15,0.04387664805469789,-0.036976708666557695,-0.004356982700500617,0.018274738836518336,-0.010098947321824099,0.002660631987629789
SEMA4F,0.05154790388515336,0.0010782265639159294,-0.06671420983078803,-0.06574770654742343,0.0038938335355124176,-0.004129661020226085
NXPH1,-0.052367330000920934,,-0.046481871732412236,-0.028714493114573515,0.025817998905703896,-0.0060900628453990436
ARF1,-0.02675373708065366,-0.017615975272996506,-0.03425065813831678,-0.08504173127792837,0.02404286060588069,0.018292337924448836
DSC3,,0.06705711254556743,,,,
EBI3,-0.026537974549686306,-0.017942557595294426,0.011400391127315342,-0.029502814284561366,-0.043111697068471976,-0.022934344794001794
TIMP1,0.12409298219113776,-0.016841895464888852,0.0191420857874485,0.08392240661736244,0.08040539810137819,-0.04854115573671989
SEMA3C,-0.026002333885692393,0.027779551493671187,-0.036075466208721305,0.033616478734631416,-0.0891129333614112,0.053505503847976574
GAS6,-0.06625827630145788,0.009501641345159876,-0.0650991130941545,-0.03857042422114435,0.007912595648621913,0.054717368715863544
MEPE,-0.031906746537441744,,-0.035709382170094534,-0.034522317005121206,,0.06870562219361023
SERPINE1,0.11705935296000958,0.07958779949517816,0.06865333661662155,0.05046328813296008,-0.004916529349750509,-0.09959920963833066
RSPO2,-0.027890562687851457,,-0.028853403769887494,-0.03252453450025452,-0.01099692645529815,0.058074001769351534
SHBG,0.08894049616056822,,0.013793781555431213,0.00043057137749215275,-0.025301198403044477,0.010973411936544667
LGALS3BP,0.07514550357776653,-0.030320168487769042,-0.0735921816791052,0.025665527479527505,-0.02911250480818089,-0.03716848693083838
LAMB1,0.07632934813025197,-0.006485760013990132,-0.06541856448214182,0.04817118168293049,0.11176019095927965,0.020411872980510302
SPTBN2,0.00545110656557762,-0.027917867793132416,-0.015283228010096732,-0.06684372841509276,0.04070661699104574,0.09683435052933435
COL1A2,-0.010407065352742426,0.03128093496960894,-0.055348772632031674,0.04300598564727254,0.0897682103406486,0.08343320347698004
DEFB1,-0.01380811921130561,,,,,-0.007521866629509367
WNT11,,-0.0169107073617431,-0.046087950843452005,-0.013758376725229334,,0.05885574083555639
LGALS1,0.04696236065233419,0.0026692835302073283,0.07808720124593711,0.08687997889718771,-0.004562486337438335,-0.07045409497551712
BCAN,-0.06899768037652136,-0.01706159724082578,-0.10197190662372291,-0.11735827038170318,0.08784534742945878,-0.06296326773415006
ANOS1,-0.03328334325174526,-0.002407047232016873,-0.09112530154362339,-0.04625803297955252,0.007100397074405997,-0.06326285692182369
EDA,-0.016504707187396862,-0.01779849377230469,0.0018236442196900048,0.00779571931657552,0.10479676424101805,-0.030390801402712504
FGF22,-0.02003397615325235,,-0.03146031175040327,-0.022889074817395536,0.050890643037396426,-0.03353445845599595
SHANK1,,,-0.02389645307823531,-0.029126427700040106,,0.09117505882272264
NPVF,,,-0.023353184656213822,-0.02068984896564684,,
RAET1G,,,,,,0.0007543104057299646
TGFB1,0.01846673314476791,0.021851489753085485,-0.07144535852009214,0.026173278163110353,0.051641487295211244,-0.0646471811292226
MSTN,-0.011696307149586062,,-0.02644258836654202,-0.04255035873339528,-0.03341050125517546,0.07786310393933228
WNT4,-0.022080378112797106,,-0.08052375460962025,-0.023090216701990206,-0.02261180313858573,-0.02549831418183809
TNFSF4,0.03745650685299315,-0.03681613461531232,-0.05214305962994045,-0.021287815322225036,0.195337033801122,0.005946179935987705
NTN1,0.0056798502923589254,-0.004052167572158232,-0.03117625317419092,-0.061791776264638214,0.08149341128952989,-0.045425320644515065
CXCL12,-0.050668766390275656,-0.04964797835329164,-0.06283269398708338,0.011260539713653261,-0.01997570251696136,0.05755432112278252
GNRH1,-0.025270091559488367,0.009475843568275787,0.005202815750444249,0.04041239454310799,0.020495156976016577,-0.030465515478340525
FGF8,,,0.0029845483135145317,-0.028557966799277756,,
RIMS1,-0.03874154248782411,,-0.02929470185667884,-0.02720128947603135,0.015356487442526748,-0.010247414456283554
FGF14,0.017432580986532147,,-0.03462924807270852,0.007927550048938276,0.06253067651594152,-0.0405729958618155
IGF1,-0.039734537684135776,-0.02220702839535931,-0.046535197812076136,-0.07402067045972845,-0.022781261373866452,0.09252994927823105
TNFSF10,0.021098384348529016,0.03169788515932898,-0.016034083891366645,-0.01631969025455992,0.042527375321295705,-0.010429716759965214
GDF5,0.0020060693401983075,0.04748493467445605,-0.04643198983221271,0.005274407487484583,0.0844453621494055,0.018608208064021328
CHAD,-0.019553973647367936,,-0.04708967139926155,0.02155072048307678,-0.025475999621009587,
RGMA,-0.0842311839205774,0.057130259198409625,-0.037439158514374196,-0.060194893383361675,0.08899555924765523,-0.07199171931112266
WNT16,-0.012031224929101005,-0.02123528433647854,,,-0.021045888613780345,-0.03373063860652403
CX3CL1,0.023847648299747226,0.024249920766865385,-0.13075447543421856,-0.0025748629285635895,0.057257192287760876,-0.052667206732369375
FGF1,-0.04727580904265498,-0.025151863935606148,-0.02022883343904337,-0.05575019439403466,-0.03317583189506768,0.007574629920082301
ALOX5AP,0.08304392589382331,-0.04340828110022243,-0.051097189035543694,0.040136109935272,-0.11158831327574519,-0.05161709789311976
IL1RN,0.015056822594567787,0.12543394246957007,-0.01534396142138111,0.044641685492500624,,-0.03186819287337139
PCSK9,,0.04543828278687158,0.0013060134539806814,-0.021936956207372963,,
NPW,-0.021861212011574874,-0.017507130980360185,-0.05058616040419611,0.006482677896659079,-0.0018261772299682944,0.016553939516911805
CXCL9,-0.019187004060306097,-0.022580476094865312,,,0.008929220879950702,0.16898489145125728
ANGPTL4,0.11381519347972999,0.0375388473980881,0.042623877209486745,0.11309114452371076,-0.018287689520933816,-0.08087411349788691
CCL11,,-0.01765335640914695,,,,
UCN2,,0.07630873018166513,-0.02222271400429363,0.062065550298467276,,
OBP2A,,-0.014121222341959698,,,,
COL4A3,-0.08062037086324195,,,0.029107212482458508,-0.00039618884806388426,-0.026626683867132062
NRG3,0.021999417510315675,,-0.03746389243567106,-0.0041194451037201716,-0.03167779143246102,0.02750668991277143
IL23A,0.1693140912284654,,-0.020370088778902715,-0.028173367866428895,,-0.029819579687930087
COLQ,-0.021506327216513473,-0.044528593704360145,-0.045114972076326115,-0.053845095395114055,-0.05311144440784399,0.05625921723357263
SCGB1A1,,,,-0.02758762729667037,,
TNFSF12,0.048713242308619994,0.1183572121357161,-0.02255815238810503,-0.04574099553746975,0.08222070037521359,-0.04233493560401727
DKK2,-0.013298709492495921,-0.028016074114765744,-0.02404547554607912,,,-0.024264337474220417
FYN,-0.031101982959992645,-0.019171982392025198,-0.05521391097579271,-0.11472613526099854,0.05176737706572602,-0.012586080199594108
ACE,-0.0313647273241599,-0.01570679396536389,-0.06212269703944269,-0.04637793498397767,0.08549289176826648,0.07050925585129958
IL18,-0.06467382402732604,0.020593654630856856,-0.03420331216675228,-0.052276610298369185,0.0042699132008431305,0.058725926950256115
PPBP,1.0,1.0,1.0,1.0,1.0,1.0
CCL27,0.09317958650555612,,-0.04629967118784665,-0.025208982914462833,0.005955245586286593,-0.04606940811901126
SERPING1,0.05077065217617527,-0.04910469716994197,-0.09467368992184395,0.000214183138195587,-0.013849744954773523,-0.07203413403060861
AZGP1,-0.029956268511231808,,-0.03240859771516142,0.024042841109297376,0.08073223325940594,-0.04731316219785002
INHA,0.03061579122377573,-0.024283455597401138,-0.038987926286095785,-0.027813567065576382,0.1726894499693925,-0.04009732420937221
SEMA3G,-0.021750927023957815,-0.019463526405535555,,,0.14230832816146413,0.03057094503485457
COL6A1,0.08203292685683186,0.06754252047320378,-0.011050431246660804,0.06789985739080603,0.060463563535634875,0.013618979597293057
FGF17,-0.022620323660560594,0.010756329886835373,-0.05152952192329256,-0.04836682084845404,,-0.011704814597608618
TNFSF8,-0.012589294179230302,,-0.027063095402494897,0.011927431284232041,-0.02104589679578644,-0.028034289422343445
FGF20,0.033085982631760213,,-0.0294288281421642,-0.037503186612471415,-0.045648641064549834,0.02826503585955973
ICAM3,-0.017415224220885414,0.026272970414503057,-0.043370773225139096,0.014402146353877997,0.024381655372134433,0.07750309446469257
LAMA4,0.05585757710795785,0.001635456829961184,-0.08856292239790468,0.026135972444845446,0.061160426628170374,0.013706354805872782
INHBE,,-0.017359779691272764,,,,
DLL4,0.011633059161917725,-0.0031565088223730374,-0.06384715872673928,-0.021239199684151992,0.05178604487498217,-0.012802663234375632
SEMA3A,0.05082639546879131,0.009176682005724515,-0.057368494599025974,0.06495570872699061,0.04108514894815672,-0.007559652162221965
RLN2,0.05710239546833396,,-0.018714064738581716,,-0.03504282656782248,-0.024380505706902075
C5,0.01691263868931679,-0.021801681866485508,-0.03900868823951734,-0.02953896784636027,0.03742931562010139,0.0705883521715351
COMP,,-0.02050608776398054,,,-0.025203025749177474,
EDN2,0.027275829477042414,-0.013758516736283177,,,,
C1QA,-0.07644360115014646,-0.037756805065268954,-0.07789383768624084,-0.05854902812601454,-0.041071483004912195,0.07118991369925265
UTS2B,-0.013808118200572943,,,,,
COL9A3,-0.04639510271954174,-0.03632869774091324,-0.13441803634669314,0.03295472755686834,-0.02006867113196614,-0.00940044150641437
DLK1,-0.011246160572454785,-0.021867865156400546,,,,0.08465272339954039
HGF,-0.018230016760400952,0.01804780296157989,-0.10566130148338071,-0.023468108522685188,0.07372559386966634,-0.06654827950308045
GIP,,-0.018227591481389662,,,,
P4HB,0.0925145371357192,0.0002383065583637584,0.07266687129146492,0.12297051209589532,0.04332403169935655,-0.06026806401921735
ADCYAP1,-0.005965885953791071,,-0.059591431268810995,-0.042357324896749954,0.07268556221760891,-0.019710242905832405
GREM1,-0.02752839679114847,-0.02341596409200351,-0.024971509510426978,-0.04706589699045188,-0.09018511504814541,0.0935395864360127
EGF,-0.025657534283661042,-0.0179425515502643,-0.02288103061479115,-0.020944817446748663,-0.04602340913195873,-0.01655722187641431
VEGFB,0.03637975667046309,-0.014168780433543759,0.056952393556981104,0.003861732875678003,-0.008516992757784546,-0.04724306743948874
FARP2,0.029572540692237394,0.023248569181797164,5.046775511053042e-05,-0.0004106319913286016,-0.05974326203647683,-0.04737666834326684
IHH,,,-0.02449707786988965,-0.025549205109619107,,
LAMA2,0.06518735832638767,-0.02541748061623406,-0.12061626980024168,-0.07234100409510577,0.06761205890279307,0.058443707044370054
SERPINC1,,,,-0.02094481911295507,,
NRG1,0.0027010596641453867,-0.03567877519138797,-0.0154052329664701,-0.005418130914952868,,-0.02721578118815926
SPINK1,0.011034637487962795,0.04417443952998762,0.026721407008329704,0.028743435459898537,,-0.03628423658553838
EFEMP2,0.033510068665265985,0.017882267888932313,0.017295597819051677,0.049516922559709096,0.08724814010744297,-0.025361545866841428
SELPLG,-0.013289099004268421,0.01622871542778756,-0.07961875122855488,-0.05169242344808014,-0.0474421183038819,0.02378435842851945
GDF6,,,-0.020269109868573477,-0.04606517224265543,,
HLA-E,-0.024856391806089877,0.01844477869372507,-0.03267604196229115,0.000964804869058326,0.11160155032130689,0.09483347788504712
PTN,-0.011707563212036141,-0.09051238108341651,-0.07682862908118619,-0.002446610965586496,0.09505090467832866,-0.08519331356136359
CD274,0.06064302583616473,0.04076116270556409,-0.06176329047426779,0.01397019818562124,0.08808756007587747,-0.03434306820438651
CD14,0.013638915665575102,0.012210512023182362,-0.10564204879821369,-0.02232508984829306,-0.025397635888606076,-0.055547243562634366
SFTPD,-0.014138101017011143,,-0.061541791129328255,-0.024484012622320455,-0.023420240985560867,-0.01734806818192517
SLIT1,-0.02538361956621535,-0.0162943435147449,-0.004061997447269791,-0.06728341349631772,0.04581832362971052,0.04704362180198126
CNTF,-0.012589295328252004,,,,-0.021684919147199336,
BST1,-0.019209468142943747,0.004645947815227077,-0.09381643005977851,0.009891277789279505,0.012556012875765861,-0.0071279356127389336
AGTRAP,-0.013428269468860304,0.022486111900576096,-0.03110988081566975,0.06371009210621359,-0.009039047110210285,-0.09733804430972692
LAMC1,0.09680712539483251,0.034661735661039715,-0.11687159583191313,-0.030777707052899728,0.1023152625747156,0.04832498271743959
COL6A3,-0.010379183358596849,0.07148689512400114,-0.055691032804848564,0.04183723923603814,0.07892932347973804,0.00842091995236679
FN1,0.10494120207013283,0.030968677882755667,0.007735303144883948,0.03892734817958787,0.06133761229920256,0.08879084001206385
MIF,0.03853271840384066,-0.02221110005363787,0.009056138670879746,0.04730604364638426,-0.0515727206144984,-0.1411441706268834
JAG1,-0.001469410140251441,0.0010268469366808454,0.04344714575192075,-0.01541745570983057,0.04526167381978258,0.02238222775433223
NID2,0.025501336595689914,0.028668858094767165,-0.07811597650488789,-0.05393804669267082,0.09348760875099482,0.08469249064042839
EFNB1,0.03217210508863918,-0.03039838025101659,-0.05430578927878988,0.08271519230428676,0.09672923049160422,-0.02060643286305789
COL4A2,0.023421177660310547,0.03584919197452784,-0.05038145451230099,0.07646149098814105,0.08658438822451482,0.15576528060920927
SPP1,0.07977875800304869,0.03756555487716409,0.0378924213408948,-0.021939626049626855,-0.014268475622869056,-0.10841824765591804
PODXL2,0.006021153438442652,-0.012410597433761541,0.03053298091114727,-0.04049423259217019,0.021006103248276287,0.037760878833911916
FGF9,0.053122416625847296,,-0.03280330333011916,-0.05173855738800136,,0.09636005058968444
ITIH2,-0.019187002876868968,,-0.05383700750133641,-0.01134257649548477,0.07371642360364701,-0.06136447375953223
ADAM10,-0.02208446419064512,0.01970199887522424,-0.02820629438209681,-0.01225879265609048,-0.04322461578861121,-0.0851877023998824
CFH,-0.04479708225048638,0.042651543508710775,-0.07047946361520685,-0.04656176904714467,0.033916282549203765,0.11049838716481283
COL4A5,0.009845773410465117,-0.015349773038335188,-0.09974619473075101,-0.01169568902444506,0.07680631875437374,-0.032178413546977785
LTBP3,0.03199883353558357,0.02303040206465006,0.04030908308737238,0.05786878543349651,0.06983734894016219,-0.0716515452439388
GNB3,-0.038454976719234465,-0.021318826845362973,-0.018723724362495295,-0.04605726083782452,0.004907503413801006,-0.0011257388553950307
COL6A2,0.010049495259149423,0.02776093138794447,-0.017598986874309722,0.0883965793927196,0.05556610104887629,0.06916942070316699
GDF9,0.03940127798331569,-0.019195051902968083,-0.002297634744993564,0.03860579393022992,0.0005253184966231588,-0.038540866295717374
NCAM1,-0.022922388477206086,0.05836116352293258,-0.10410031864178482,0.0017402841579550429,-0.04840578509548788,0.058963652816703606
APOC2,0.07128918542223012,-0.007673714479862603,-0.06240708228609376,-0.05971368420245209,0.01145068984547717,-0.05209021893446023
BST2,0.022108608174558703,-0.032668837783820404,-0.07398403495637222,-0.008538531573072022,0.09353626919530161,0.06488419474173582
COL5A1,0.0815457089359698,0.0642986184018966,-0.06294067299621126,0.0340511118770694,0.0378655032154986,0.003965025759467187
CALM3,-0.11379224569028326,0.032110054019609445,-0.12726383335695723,-0.13973909902238232,-0.026858732797323332,0.07156147601988033
THBS2,0.03784484324654382,0.053326021551495614,-0.01917484756910643,0.059749864301573766,0.04200284038685958,-0.05049315800016089
SERPINE2,0.12723803568937095,0.0008676728387989565,0.01774590910000307,0.028772256102751387,-0.015299686508295293,-0.0736922430013593
EFNB2,-0.009246725340256624,0.025741582962235377,-0.01745914711953286,-0.03426144909291815,0.04538813203103261,-0.08819624335651349
PROK1,-0.01380812009569688,,-0.018714068890213802,-0.023121431471778992,0.025189055557506106,-0.027804075413768507
MMP9,0.10719311152605356,-0.016771393841112914,0.03714880829044158,0.03272286533610697,0.07929018612027923,0.04366828096713557
DMP1,,,,,,-0.023588997897236463
NPPA,-0.031906754401854275,,-0.04250212112327186,-0.006458813546366156,-0.033475719915069695,0.014355101430746036
APOB,-0.018176316222450813,,,,-0.023795501731867418,-0.02780407497721567
C4B,,-0.014475362759838207,,,-0.024083008710129968,
NTNG2,-0.00928371904056416,-0.023501736470628917,-0.09421637918863417,0.0013098047315724273,0.01645748794982631,0.002654739618626937
LAMA1,-0.025753663969886,0.017809474243277466,-0.08484703547810357,0.05618945082846721,-0.030768014074369528,-0.0006458690814709251
UCN,0.0189748419422314,-0.04271529250773179,-0.04761123050936327,-0.04831776971289085,-0.04651929637121985,-0.0016111791617308068
ARTN,0.08260960670984774,0.028343757851239104,0.014615766430925211,-0.03642820317581308,0.004173532955068719,0.05489089983211646
PDGFD,-0.04805396938088581,-0.03832376217146928,-0.05654885011867955,0.043816394175277815,0.03866891387166158,0.02335085526101158
EDN1,-0.043637430683885065,-0.022580486419833054,0.00658576171234292,0.018482364949885692,0.06718235992436986,0.11288199876222803
ARPC5,0.031581198163605405,-0.04649225942382975,0.06366446386730386,-0.07746363753231354,0.05113014193776817,-0.03919260309421896
GSTO1,0.024938230789209193,0.0352141655164059,0.013034115493963756,-0.030058641318021495,-0.042204766975445535,0.05284710051024871
PROK2,,,0.092208120188755,0.09790690646649806,,
SYK,0.059439180935972794,0.00971264658696108,-0.026590108527932584,0.05663964392257945,0.021297953911410986,0.023222619260042755
ST6GAL1,-0.032479107484384435,-0.020788735397774778,-0.024008354476224427,-0.12370056465421259,-0.045631756231985544,0.021022120324246895
WNT3,-0.03043563089812798,-0.02630710606389066,0.06732632492033772,-0.0360393624389705,0.03283820777733887,0.01434670797258094
HSP90B1,0.0684316732823384,0.024082062333367103,0.09256343629252885,0.059601781153824474,0.016391577887083852,0.008889156232688695
ZP3,-0.022726997736667087,0.004141645115207221,-0.030181184712175926,-0.03336916144745079,-0.02115783555053702,-0.021476157440888016
ANGPT4,,,,,0.03762439026432975,
NRG2,0.008608018114182341,,0.021724038754527705,-0.009594943240605494,0.0012865155101567597,0.03405047224635003
MELTF,-0.03852674183620129,-0.04212537258876556,-0.002503786221262664,0.044216279096250394,-0.001922499076731132,-0.011311801234893363
NLGN1,-0.014725256435184991,-0.01932970685874685,-0.08348257858456608,-0.048413662835187006,-0.059282817788481476,-0.1381266534602548
SLIT3,-0.010677941901003704,-0.02711443489719663,-0.05120440580875649,0.05513785564535305,0.03708540943258795,0.13093848302032604
CCL8,-0.04036507602735,-0.01660515355157917,0.024527097221296288,-0.028907725327057,,0.0023895180053245604
S100A4,0.07380143352908923,-0.02016589767655292,-0.07721203137408339,0.010632031306760862,0.011878204148246077,0.0015856475391070265
TNFSF13B,-0.04423857902553793,-0.002593889057757854,-0.09647004238281955,0.018610483711971788,0.023277580661345762,-0.019285372893202382
HSPG2,0.02859936108530745,0.042640931761280414,-0.03498227650564262,0.060495805479757296,0.07737293063729415,0.09548453437945953
FAM3C,0.032512194731670614,-0.024777289523743338,-0.08714472575376625,0.014928782890403917,0.04780025793219193,-0.060096473055649094
FLT3LG,0.058122787499183114,-0.040781866819111806,-0.059900290590466476,-0.07143661591995383,0.04385102082337566,-0.024148464230387863
A2M,0.03257557209375224,-0.010880121547274791,-0.13110759469566755,-0.03542339643041997,0.08556432548437332,-0.014172596258134546
VCL,0.016435687955687034,0.03378411794230665,-0.012943878106387986,0.04289719418668743,-0.050693314001824745,0.04300964137376956
FGF2,0.04656607571047721,-0.0029334883633762242,0.002648754264097962,-0.010571536673783138,-0.05049914315315369,0.014007764318372128
AGRP,-0.01258929744245276,-0.013573741191578241,-0.019280952581864762,0.13866889055386347,,-0.020752739027838626
CNTN3,0.01095837187475028,,-0.03402332208928965,-0.08405091422589105,-0.019108175171574433,-0.00020365885055420032
RNASE2,0.09250701067390123,-0.023727294804829654,-0.012716711061407515,-0.06433088857197346,-0.08962878051117809,-0.03048918765671257
ADM2,,-0.019329708978812424,,,,-0.02221273120664588
GAL,0.04498601261009355,0.08181235990013634,-0.02422275526550556,-0.01890692024010378,,0.13895552070282197
IL36B,,,,,,-0.029819551455076844
CXCL6,-0.012589290226598049,,-0.016528885042204115,-0.034272125623931914,,0.007436782904528159
PDGFC,0.03531180991422449,-0.008483739386474662,0.011620771003501956,0.00029080949139680975,0.07764294062805698,-0.07255601020357372
COL8A2,0.020642338119591326,-0.01146618540341363,0.009856727433095297,-0.04847387410736254,0.05453147481845552,-7.477020773525486e-05
SPON2,-0.008939857843368091,-0.047215235923546886,-0.0867808004680203,0.06694247272035536,0.04950359849057752,0.039265019901227105
LCN2,,,-0.006331881895430327,-0.03780576297119192,,
SEMA3D,0.017989337749474386,-0.016758568557385743,,,-0.024279684938032696,-0.014576046005829969
BMP6,0.08164998102658833,,-0.03406283091103737,-0.028366246334646406,-0.028567287823126876,0.00018892173243410836
TIMP2,-0.004496388863850127,-0.01556527214978502,-0.10942572733636738,0.053650726553752415,0.047429266506044045,-0.014163944943862288
EFNA1,0.05876947165162937,-0.026601377944251076,-0.027409566440453708,0.03913224883306801,-0.0012663059934059568,-0.039345823272772286
S100A12,,0.02978539158278057,0.001061271583654756,,0.1977702958721238,-0.01951181690797154
TFPI,-0.0003382787675289608,0.009070594959926835,-0.02292975736073632,0.06411314343369837,0.05691946174941379,0.0657093195578216
GPC3,-0.04412769938130064,-0.015817575935823034,-0.02205150279745387,-0.0635342974399807,0.06267976136104199,0.058165235628904556
NMU,-0.03271362264869826,0.005000537024651906,-0.06823293961664265,-0.04275722664782588,,0.07371593347405937
SCGB3A2,,,-0.02335318844599628,0.04397320328767331,,-0.022772429131474328
LAMB3,0.08548814781980868,-0.014782496319176646,-0.017991697868999495,0.0034599259305216575,0.03907618327158572,-0.06751390165343059
LGALS9,-0.013423954149209565,-0.04021311539407003,-0.07731138650929682,-0.05052824770021493,-0.012804222295793588,0.004067432585797001
VIM,0.09412007272400001,0.04667669516513448,0.05332129460400995,0.07182811551870975,0.07439505171252135,-0.09748499032391764
PLAU,0.026202845592654,0.023513845119780916,-0.052413255192723204,-0.007646592236455222,0.0734180118069981,0.045720979491727355
TGFB3,-0.021073502382945298,-0.015285654649878818,-0.060763494128197766,-0.0010759950072438452,0.036766302703410685,0.019045173910578486
APLN,0.09075082533836545,0.014461303532643592,-0.08911982650848314,0.05954736860629801,0.03470517705453984,0.11468949246628989
SHANK2,-0.04215532657716519,,-0.053023467970152366,-0.05640539217610178,0.08990049165383752,0.014633659755923905
LTF,0.06772125888433946,,-0.01529156866341361,0.04413085443722344,-0.03582612431650512,-0.006471193575702062
PYY,,-0.01300452683314277,-0.027267148432883064,-0.02575955663874461,,-0.020752744154417992
PENK,-0.03215032711860746,,,,-0.026542369875124337,-0.0346787695463451
CTF1,0.042440650447834107,-0.02781937431883259,-0.07382207463376121,0.008600269858204463,-0.06582372102233931,-0.06288940263833902
COL3A1,0.015301707224430026,0.06574927803083816,-0.042020161062984604,0.02567834669937277,0.06267140773266992,0.0683094996512906
S100A10,0.12776226138242164,-0.037516231124270175,0.12418430760323473,0.07252324848595094,-0.14284171811033794,-0.13573735687973806
FGF13,0.052623162211178,-0.01629434473087194,-0.02609722644442311,-0.028343669613819438,-0.021045897413296724,0.0566712819876984
SEMA4A,-0.013776826678723302,0.02274057605958693,-0.0497377567364692,0.0235736170457053,0.05874945339290335,0.019887668329503796
EFNA4,0.07429282324715639,-0.029815555537529834,-0.027788677571641544,-0.07053873135147393,0.005945155430653831,0.0017476590223294286
HSPA8,0.0171654012099707,-0.04859114867986108,-0.02354073583557755,-0.03262626328573315,-0.0033887198530872294,-0.005047035029193856
NPB,,,0.001041035626341085,0.0580229534274901,-0.017464858894039995,-0.01686607908193327
ULBP1,-0.011839637984583113,-0.02281376746929478,-0.025160645216171867,0.12931514608481667,,-0.005047416180464802
SEMA3E,0.015039924542183246,-0.019195053924022386,-0.07103311095218584,-0.009619738343720796,0.060536550393561345,-0.02103743779046597
FGF3,,,-0.01910517354727093,-0.04813077461060785,,
ADAM9,0.04945593123768899,-0.03364554083695705,-0.00539613039294217,-0.015042621309347234,0.07913487395841541,-0.09102432732230151
ASIP,-0.018687779472799624,-0.00019529598118121584,-0.013104728934135453,-0.04488812790297957,-0.026371346495853282,0.008121663197768648
IBSP,0.06902843275898943,-0.055649067759138186,0.04743523654235138,-0.016239694172792134,0.10762254662823387,0.0231015179851021
MMP12,,-0.014649406827521616,,,,
FAT4,0.03172104771777033,-0.04227368307908842,-0.0494095613056786,-0.020866646482026817,0.01920829316026187,-0.024901842194155442
MDK,-0.05110328061756954,-0.06103232857347977,-0.11292587302359883,-0.03235703449848406,0.0019052619767373148,-0.09487751834121011
BMP5,,,-0.10308967942304953,-0.052608990834996136,,-0.03693323498934174
CAMP,-0.01830538061813517,,-0.04046584934986181,-0.03400187203686138,,-0.028489766303048093
HSPA1A,0.025012476351505407,0.06763829266925755,-0.007462850448380096,0.06650572907843001,-0.03581311772095364,0.04376281896245544
SEMA3F,-0.032957143502844594,0.031396186325626706,-0.052639576601478735,-0.04582499506015496,0.10507461839508654,0.1223417825578702
ARF6,0.02468081475814092,-0.010987291226010571,0.0208471471232219,0.04323639914901031,-0.006809238233527417,-0.03276733344019764
IL6,-0.019809856439031836,-0.025576985765086005,0.020982308346214274,-0.011044338959957212,,-0.09396754533104483
CALM1,-0.024832482420554504,-0.0014344892426453987,0.02237064427781428,-0.04073355152953465,0.025455982649247384,0.08874347345414382
VIP,-0.0061898319731445405,,,,,-0.012583069520525441
NMB,0.04843576347934399,0.04580818355696963,0.006188733054755568,-0.05532621893561064,-0.12447177483763265,-0.01894347180492853
CCL26,-0.0023511153675547813,0.04527752931144644,-0.045763135733654495,0.025280328440718744,0.05428587295656819,0.0009666674430679237
FBLN1,-0.011769990846098706,-0.041231279329115536,-0.06590099834427646,-0.09636962215530073,0.06115857469640425,0.06758233923386854
SAA1,0.08843895898013432,-0.03298039780373433,-0.022073283592407608,0.004305452939687517,-0.0440174880202472,0.05345004594034235
MICB,0.07108468582963351,-0.02547118247919677,-0.04090548886250206,0.037177854122428355,0.007362330628328148,-0.004626261857771822
MMP13,,0.033612742987091535,,,,
F13A1,0.04451759151398198,0.0188383171532064,-0.018956443406705853,-0.009059067661194731,0.013861011099371242,-0.034603565613871075
CXCL11,-0.016975010149509535,,,,,0.054673161385536136
COL5A2,0.06266057468942204,0.08721194222024291,-0.09319327215677489,0.03202369218314959,0.10060797327487091,0.014928589413088405
EFNA5,-0.003122599205068002,-0.005823717447795486,-0.05736111038636631,0.002249860889431673,0.011623106239207506,0.06048156035855668
AREG,0.09242637257518889,-0.02361083791324482,-0.016606355659824584,0.0041920421783198675,-0.029053813276349368,-0.016454291003859343
EDIL3,0.019774479042787403,0.013839225758740371,0.030690072402511665,-0.007302636834943398,-0.09042797938530364,0.08667851310538176
CD86,-0.062299281854627825,-0.016166213007115054,-0.06575354226146857,0.013906618640430935,0.006549248228278076,0.039329040117292734
AHSG,-0.019795258621697176,,,0.05204909475682023,,
HRAS,0.06115662277358621,0.07910424438074824,0.017499053157384984,-0.001656563061723448,0.03762260518318992,-0.04749096575239267
C1QTNF5,,,-0.05189821004386607,-0.026882539248873183,-0.02570243606818735,0.07521641445222045
RLN1,,,-0.020894695047751436,-0.0242524826816634,-0.020388164591018377,
COL4A1,-0.013186662764886128,0.04886253000829424,-0.038849396746686526,-0.00036249931033065393,0.09757395438243326,0.1533963690357195
CCL3,-0.008306181252478702,0.018458975087297692,-0.07239053089766251,0.04370019040818948,0.08114442652895645,0.045096759627766596
BGN,-0.07457873975543272,0.04592286402951444,-0.042904188531943874,0.06806892641367232,0.10311263612541853,0.15766794377292564
RETN,0.0282568374451249,-0.012809462012435244,-0.008654363725734027,0.02218849499739417,,0.06079436537286659
S100A9,0.04823883455886513,-0.02223233719756732,0.04137507307565882,0.06569547136504159,0.15860246734282832,0.011190625287369313
HCRT,0.05097833135294598,,-0.05002524328880633,-0.013474846187062253,0.005324597804744548,-0.0016880969948610066
FADD,0.04157097932233862,0.07823274607925584,-0.10397115400363721,-0.007232686938873619,0.04728301469395731,-0.04010529650965578
ACTR2,-0.023600803420740123,-0.012694887219431782,0.05767757106161094,0.08859918183718127,-0.0020483150715601595,0.019132720882940206
BMP2,0.02363980813767298,-0.021236050630341063,-0.08194706500585759,-0.05658041661740841,-0.04813868770851385,0.009420050235441102
PDYN,-0.05107366255623937,,0.0442428480600945,-0.008598770453479603,,0.057866707233575336
CD55,0.031905972632040154,0.008777877826581184,-0.05803797616189702,0.03767618677451193,-0.002187815716384602,0.09756878239782699
OSTN,-0.014138105836201462,,,,-0.021045894634500885,0.05314926676890173
PDX1,,,-0.031460306309600596,-0.013367741681835953,,
CD6,-0.017784053326698798,-0.021625834612507756,-0.006084807546297208,,-0.027061298809139423,0.05567237539745616
IL16,-0.033020340931924116,0.00785708145793633,-0.07327663821019327,-0.0583667279835234,-0.0491566229291004,0.04674828579807743
LAMA5,0.09784859739898459,-0.049362286586026205,0.016400974987262774,0.07408411677363502,0.10011065145650158,-0.0427801233239566
RGMB,0.04248984963463445,-0.04051519171257361,-0.014862642511036403,-0.014804074064872729,0.05417781018236722,-0.018916151882747628
INSL5,-0.01258929744245276,,,,,
IL12A,0.1084106196625967,,-0.04523123396788601,-0.042687734155873965,0.06934721910748268,-0.04529799151284524
S100A8,0.03422175647525121,0.03300651316327029,0.015347354551995524,-0.00875481719506141,0.04270228881878011,-0.07008959358690733
TAC3,-0.03382013588054525,,-0.03851477785985826,-0.0025320553437683645,,-0.028677736155565937
MFAP5,,-0.006804499655819086,-0.0213308877619864,-0.02487527756217871,0.005652186859885228,-0.04925238482729455
CXCL16,-0.001126678000648772,-0.022798873901058253,-0.1523230260552456,-0.019052530770374405,0.028560171125608245,0.007961623217788592
AGRN,0.019969388753041335,0.04169189564899046,-0.11840775351742308,-0.09194202579727355,0.07274405335280475,0.0962326833367907
COL4A6,0.057866869407661364,,-0.08615348595676325,-0.04617159073276736,0.12723648042966362,-0.035675855503275726
FST,0.019775621102419757,-0.02461209507121963,-0.02779908362897879,-0.027671490006753476,0.09243495621228212,-0.04600787838147456
MEGF10,-0.03516259326927518,-0.02050609118792015,-0.05175390072961747,-0.06865177305110069,0.024474930079952897,0.025761110134383265
C1QB,-0.08678680401459568,-0.03951476689857293,-0.05151379047459585,-0.07986215289540172,0.03265340747310961,0.0400175509607559
HLA-B,0.11048928303481273,0.06399084158052251,-0.08789083348730596,0.09037367724466983,0.07512157763894284,0.07408589724495758
PDGFA,0.04832941157383862,0.01147098751705727,-0.0004320489912792571,-0.011264467351051723,-0.025772843232868804,0.005541718895146067
LAMA3,0.04929255938707934,-0.023159917709970303,,-0.019093324518167535,-0.023795482446705964,0.06483166548637324
DKK1,0.15152243678729732,,-0.009620771143015254,0.026005440330701714,0.07511609163490038,-0.050628769841097127
INHBA,0.03787301524879831,0.013476567163865876,-0.0451072795514867,-0.0009459249227917874,-0.016243051615692602,-0.033460952658212785
IL7,0.037550928339373756,0.01554691444744857,0.010292822642557303,-0.0364281986492957,-0.022306795352573718,-0.019638874598405992
FABP5,0.0702461780770011,-0.04141254996814207,-0.05840501259733568,-0.10663025931389147,-0.006730147304973555,-0.07836315548842428
CCL4,-0.03857263804204315,-0.026611029545926007,-0.011120535147266844,-0.03734862311887771,0.0803528871390168,-0.02904137083899444
FBN1,-0.01692745332325433,0.0226100368496294,-0.1376581461879058,-0.020175305613951592,0.06018229102768021,0.014284836960531178
TCTN1,0.053313770059874054,-0.03772747297870362,-0.03668454178322671,-0.026344234308746096,0.07450481119829411,-0.05248751496763222
NCR3LG1,,,-0.03321439845965018,0.04312283193594043,0.09136890790114928,0.0758363749513108
BMP7,-0.0524946356944393,-0.012700844527263827,0.023017108842685353,0.004292489500734843,-0.043965948264167214,-0.008212073686748825
NLGN2,-0.02418262611467531,0.0479067330665203,-0.03234226489166771,0.016830573175791275,0.012414973076394364,0.008154584986041947
CCL25,,,-0.021548237581237473,0.00820964249585932,,-0.02638563057420499
NPNT,-0.015714916798868297,0.01461445836694731,-0.04716981658056022,-0.06239911819962027,0.10182534064779752,-0.01992074874918892
KITLG,0.024843976530734946,-0.01116089646858868,0.020021960196727043,0.007888055726594024,-0.061606600560663125,0.05460103391432734
MADCAM1,-0.014777316631878186,,0.07908918830074459,-0.022417693918973806,0.05920789369613244,-0.029424863177494577
F12,-0.01910863772720203,-0.03455400721144274,-0.012948096985230577,-0.017611237696129486,-0.011727514831812662,-0.019427397654727653
S100B,-0.0778499426264241,-0.01776829175619034,-0.13262442147131023,-0.09628836323900271,-0.1293042818415729,0.0007318530879153503
IL27,0.09221535455803817,,,-0.02719091103221604,,-0.021927964319987607
CD99,0.06559571481266309,-0.0733075199908277,-0.10936461431020586,-0.060327855488727704,0.08616958024578418,-0.07733908619457573
PDGFB,0.005115155064380954,0.033102158050735894,-0.08603012868155187,0.016287529862548507,0.010812390646180284,0.08380341185960705
CLEC2D,0.0005324329231935576,-0.029441517900450093,-0.05839162980665131,0.007028629401438055,0.07964513651617611,-0.03425762464205945
F8,0.009668373357119618,-0.038045575375764334,-0.055838342807473365,0.023158046025856433,-0.06294513026442496,-0.08554665503304221
C3,0.05322326393424112,-0.015821862473536397,-0.06192678920514199,-0.04482905850125653,0.08238177687206316,-0.015548509897315094
DLK2,-0.022833244207497234,0.1781796336441088,-0.022521597148679184,-0.03044459951102139,-0.0021985857019366354,0.025431466715465555
TSLP,0.03375443922789847,-0.015492188815704792,-0.03321439326216653,0.010907395977060506,0.02626365946707368,-0.031450914276052115
OSM,0.045697725637816274,-0.05904961308723164,-0.07155434582427023,-0.02247178961851757,-0.051747574532904066,-0.08588472173525298
PRND,,-0.051102952105418,,,,
SLPI,0.048239989672446665,-0.014717397860448584,0.021628717225688564,-0.009205256595927946,0.02737596094919383,0.03579357494038739
AFDN,0.05041754464949985,-0.018623505267501766,-0.09126298295017418,0.0013328122910100486,0.008782085163602415,-0.0014885596842842408
KISS1,,,-0.028659346762957724,-0.021446226717303066,,
ULBP2,0.03696218345062751,0.019137568834939365,-0.08701840389821883,-0.02176741764612146,-0.033364676046534286,-0.08692969706631173
ICAM4,-0.012031229440152513,,,-0.018814844868458674,,-0.024380503619868876
ANGPTL1,-0.01258929744245276,0.06138568128769971,0.04647424654977564,0.010635096742563986,0.007951914321223335,0.015616118614170116
LTBP1,0.01272090316591604,0.019549115706999427,-0.008618926077541278,0.11849626407782082,0.023173418147294702,0.0468568840865297
NTN4,-0.025340821421249687,0.05600078932614963,-0.10071524730132751,-0.067288410144406,-0.004300834494317136,0.037428095420191605
APP,0.032728341610394444,0.04917672660064733,-0.10806487145001926,0.03310897089104449,0.033956248225211615,0.10470802739964684
RIMS2,-0.04167766796545017,0.0755418602252063,-0.039239271519243675,0.015220912734526172,-0.015129208809454477,0.06873997251571935
WNT7A,-0.007212442807383766,,-0.03196170086446723,-0.007734017830257,-0.03367577964400307,-0.05714196096350814
GAST,,,,-0.002572285697113079,-0.025746346037899343,0.02682417180451397
GPI,0.04379743802251697,0.07814329292792739,0.06026648042520955,0.12167016275526489,-0.010972609660034447,-0.06471458389124551
IL1B,0.0525799641172003,0.01920079451671442,-0.042217493729030796,0.015567986250402899,0.07866161114997247,-0.08433228648715262
SFTPA2,,,-0.020370098222328745,-0.018532412594157992,,-0.02075273917024356
HAS2,0.03226014067599188,0.05933296334316638,0.01488864579799858,0.02108856773468236,-0.04182022146577171,-0.08852100676396764
IL11,-0.012405930042332229,-0.012410593394993006,-0.031066548645421167,-0.040854485235849045,0.010895006093060629,-0.010891647691266281
SEMA4B,0.025955517918490406,-0.038442485664952196,-0.07108521804693824,0.014904979890425406,0.0457377331905829,-0.10046313663336645
FGF12,-0.04685040299497894,-0.032457011548132846,-0.0969593839704675,-0.1242643984651088,0.06878677677592987,-0.01562730663884729
CP,0.07505284386155466,-0.024868130647109965,-0.07565087519407133,0.020008343620635676,-0.029035691293554766,0.004143907568827298
NLGN3,-0.03519165988233037,-0.02258048580293207,-0.10208907446550483,-0.015062394293411961,0.09538177001882608,-0.02500826206772313
GZMB,0.0053658531700395435,-0.018647745267265366,-0.02923810738428609,0.03737778282715428,,0.05513538735783516
PROC,-0.013470528236891138,,-0.02885338488791294,-0.022654517488580578,-0.021331896605954175,-0.03130886171298994
TNFSF11,,-0.0210101963910812,-0.01928095159738296,-0.022654508784310787,,0.06939994412743669
AGT,-0.07482978264146514,-0.03245827294216286,-0.07319489459466257,0.11045518164443036,-0.0395677285334895,-0.08337396305430518
PTHLH,0.02183656631384131,-0.04351828763944205,-0.06850975267246455,0.00269770673145016,0.0057663568423981905,-0.09157064429168259
COL1A1,-0.04159921041425149,0.010431459123554964,-0.06213048077123433,0.05342349019925098,0.0928717828842502,0.0971889155860203
LAMB2,-0.0007053011483960446,-0.07063474179422806,-0.096981628118982,0.011766295871935463,0.06527520121326622,0.005425913235592291
DSC2,-0.013265667946178833,-0.051507543879281525,-0.0437213058071753,-0.041651542498991084,0.006821972627455063,-0.023659701408534368
WNT5B,0.032965715814455815,0.018135216489056496,-0.054382363266490805,-0.057902295947040244,0.00966347863526016,-0.04062525629425894
LEFTY1,0.06195557020415552,,-0.0585075270700653,-0.0058735823305279536,0.03502094909541558,-0.03313919708446139
FGL1,-0.013640305304366248,,-0.02826774232958211,-0.03005285927002866,0.2217205537147468,0.010210348913295702
CXCL5,0.11688207462929334,-0.023045026613823766,-0.05468547660874103,-0.0039566668534651425,0.050162179124781894,-0.03301431153020665
S100A1,0.014503451135545357,-0.014821547740183984,-0.02249561342918803,-0.07801446577914148,-0.11530141528237599,0.011917969681498712
NPTX1,-0.03190674260523766,-0.012206499932217564,-0.010097721434916728,-0.0037218617489124524,-0.021367633540262713,0.11635990027490951
TGS1,-0.014004378359151448,-0.017988357626429755,-0.04979844970281957,0.07599090764190804,0.027591041713878005,0.07499655305374822
SST,-0.009742482527349303,,-0.05299432339283421,-0.0014609977381492766,0.051979405474372055,-0.013292882976904096
IL34,-0.027407279984029944,-0.03280661055547951,-0.07098057393157106,0.04473457998682415,-0.034927176911703744,-0.020343256678654557
DHH,,,-0.036148895180494744,-0.01504673534242449,-0.03763597220321652,
XCL2,-0.018561094937918673,-0.01613686616818642,,,,0.016994164940990923
TF,-0.025745088065618284,0.04370377917695892,-0.06893517009176259,-0.06079192833180286,-0.08766572930616265,0.10595794138748206
IL33,0.06703154307247851,-0.02547117895670985,-0.0017019062595654965,-0.04075392006563181,0.01443376821411278,-0.09442807327374682
RBP4,-0.028338182320647016,-0.018923172344456812,-0.05755181807700954,-0.07542222234080063,-0.028321247260234158,0.08613999387649807
CCL19,,0.06225201999079783,,,,0.033925229239263374
CCL20,0.12232133855662239,-0.01878590662398201,0.11677523037594933,0.03400137374502813,-0.023795495395309195,-0.05919178478155001
NAMPT,0.10903263394779729,0.1166179891136375,0.12049992380421014,0.051056120123248026,0.06181204565494099,-0.10600754793591752
